ds,yhat,yhat_lower,yhat_upper,y
2014-01-01,82.06992683746572,-1.985828837712456,162.62790661088533,0.0
2014-01-02,63.04558060633566,-27.405949098192394,150.50230891596016,70.0
2014-01-03,71.90545142857341,-8.856862292995023,163.39164330824133,59.0
2014-01-04,120.99933754129883,38.093207313832664,207.00683429880732,93.0
2014-01-05,73.83805605347598,-7.580714063957069,152.3491227704484,96.0
2014-01-06,44.51038857439858,-39.79627692276444,123.60508494226323,145.0
2014-01-07,41.63133131345168,-38.025145833230525,127.03546052535198,179.0
2014-01-08,66.12247154076074,-18.252251598922893,153.55884053871117,321.0
2014-01-09,51.753932650024886,-34.286463382397926,131.9348899737035,125.0
2014-01-10,65.58978481317985,-24.03096347768304,154.061119795533,88.0
2014-01-11,119.86766942074978,35.010333874334385,203.38531371532412,188.0
2014-01-12,77.98200356403362,-7.726255002817893,166.28404775014187,121.0
2014-01-13,53.90346504689745,-27.04489735093865,135.8394595785601,134.0
2014-01-14,56.12979976917125,-32.509824706075,135.93037408730518,80.0
2014-01-15,85.46871767040963,-7.4122449089213935,165.1146969096838,82.0
2014-01-16,75.58226521403597,-8.981390954448203,154.50446261941147,94.0
2014-01-18,151.17330616200104,69.74300960093187,237.01481504017883,159.0
2014-01-19,112.11525851651247,26.07790739437543,191.12729400399948,199.0
2014-01-20,90.16689024444499,5.733714480403532,169.91149624274811,104.0
2014-01-21,93.77668288683195,10.843377204371942,173.71239170078292,70.0
2014-01-22,123.7189357027313,39.19773535210319,206.6751271185619,127.0
2014-01-23,113.63874711375229,31.682819379906867,199.04964817994465,96.0
2014-01-24,130.49996411580102,42.81431809959397,209.96363122219626,75.0
2014-01-25,186.4667984096024,101.69135794898314,269.88664595259667,198.0
2014-01-26,144.88843844056464,58.82901209147265,232.13387524217444,168.0
2014-01-27,119.71933375826184,31.266049016360277,207.67732894516317,125.0
2014-01-28,119.4701828021395,36.11418095581839,202.20739445171813,86.0
2014-01-29,144.99039293518547,61.61621048975436,241.38056045600607,222.0
2014-01-30,130.01141646584855,46.30214363842387,210.86386337901257,272.0
2014-01-31,141.59283636030756,61.065188692449766,229.60337410904415,209.0
2014-02-01,192.0019420712752,104.73880982913181,273.9211162154243,369.0
2014-02-02,144.69616947904598,60.05138446436689,228.34409643461137,217.0
2014-02-03,113.74112817388281,29.391089427820884,199.90840143013156,97.0
2014-02-04,107.75929538394084,24.751824159945645,194.79490618436608,117.0
2014-02-05,127.71019325320293,45.83743404607811,213.17289527605678,100.0
2014-02-06,107.43150043628806,25.995326290747418,191.4616708517466,64.0
2014-02-07,114.08301691386772,39.26151788182575,197.5424589045143,35.0
2014-02-08,160.02426485286958,76.27369540282456,241.94375661970417,54.0
2014-02-09,108.79513823782654,26.44026258987186,186.5368478349075,55.0
2014-02-12,83.95285101899101,-1.2110344883919293,167.14005657698135,8.0
2014-02-13,62.50829133863374,-25.052005354304463,138.3649153554273,43.0
2014-02-14,68.75827381317009,-15.895775111872931,151.20114094577744,107.0
2014-02-15,115.0625349452074,34.571094368334876,201.43899030738072,116.0
2014-02-16,64.94624673922257,-21.453065907109735,146.32049304541923,87.0
2014-02-17,32.51692630141588,-51.925536654047015,118.77403644443017,66.0
2014-02-18,26.4125463888468,-58.239633733756165,110.07470367232564,44.0
2014-02-19,47.58166900651589,-38.47792641375745,127.34594113639344,33.0
2014-02-20,29.825047100943102,-56.655664626882455,116.21876868836758,13.0
2014-02-21,40.24059673558907,-44.55881378077466,126.4834818525924,53.0
2014-02-22,91.1024958244978,11.393643615816764,174.27145198421735,72.0
2014-02-23,45.84378589414203,-30.625652002255606,136.99998629740116,50.0
2014-02-24,18.475189685668838,-66.59904322521086,101.04782499521498,15.0
2014-02-25,17.53520057439961,-71.241670183935,100.7536067078118,12.0
2014-02-26,43.87222562234827,-35.8417462594159,126.44063120919832,71.0
2014-02-27,31.188186964056158,-50.23777695805053,116.75328245347251,37.0
2014-02-28,46.48544429485998,-33.06099927528824,132.81191475353705,83.0
2014-03-01,101.94775640420536,24.487545001603944,181.37024360232184,94.0
2014-03-02,60.92462229799307,-22.745358275435834,143.3727990322721,59.0
2014-03-03,37.351681655385164,-41.33188520758195,117.97765224445519,49.0
2014-03-05,68.7704017664162,-13.745086772790506,152.29174085329095,65.0
2014-03-06,58.216013816331845,-30.048683303294627,142.24804126956622,55.0
2014-03-07,75.01190065577583,-6.313476393973864,162.16510442349758,77.0
2014-03-08,131.3254630526297,39.78414199894743,213.83387719841735,122.0
2014-03-09,90.50315520306648,7.399899032020345,177.6498528170445,83.0
2014-03-10,66.49079239028632,-14.783721407270898,153.03602642292816,75.0
2014-03-11,67.78468069447706,-18.69104863883313,149.61151667289928,48.0
2014-03-12,95.21433430103548,9.802165958828652,177.89575355972252,45.0
2014-03-13,82.48617810357395,-0.8489247822142736,169.2871849534063,78.0
2014-03-14,96.63010068946,14.350138528939327,187.90343993095283,122.0
2014-03-16,105.65479267003462,29.233141629600457,186.2159921021842,116.0
2014-03-17,77.98126537209056,-7.659394730947921,163.47153856227916,48.0
2014-03-18,75.43938151671368,-8.532744801944503,155.04958023283388,29.0
2014-03-19,98.94529278090505,11.984003220458927,182.07337362246852,91.0
2014-03-20,82.2928190011028,-5.55659111530188,165.0555905680949,59.0
2014-03-21,92.59818768381174,7.320844600767689,174.33531147057008,68.0
2014-03-22,142.17838591106462,59.10370817185991,226.3890911273033,137.0
2014-03-23,94.53252099665681,11.713836537369726,184.6858582746891,56.0
2014-03-24,63.75893244716708,-17.269211336199366,150.94270946719374,13.0
2014-03-25,58.503150140492096,-25.85931474931732,146.41269792164476,45.0
2014-03-26,79.73752782287154,-5.617492338507208,157.877894030106,25.0
2014-03-27,61.30201125467431,-21.55769035966634,150.46147671403708,25.0
2014-03-28,70.34796460517657,-12.11287922098232,158.4963569679715,174.0
2014-03-29,119.21583882128482,32.91876963570711,203.23463831039822,138.0
2014-03-30,71.4160918858791,-12.292260070050682,153.12633536523674,64.0
2014-03-31,41.04611226931929,-42.41886236437722,124.07553337595039,77.0
2014-04-01,36.7382442410077,-47.5595735322677,124.90788898653007,62.0
2014-04-02,59.43974279722197,-24.945377736183843,144.72091152845277,119.0
2014-04-03,42.95411110478974,-38.71117919382464,128.43045308681513,89.0
2014-04-04,54.385732638814375,-36.333424640399315,141.2936513623702,133.0
2014-04-05,106.0185655183267,17.731470344854205,185.13405690145177,180.0
2014-04-06,61.29828823692519,-18.43479574276328,144.81995012086546,121.0
2014-04-07,34.25062332665056,-45.92039850613038,123.98928026710954,72.0
2014-04-08,33.4309087031461,-49.73460311275334,114.09548862789562,91.0
2014-04-09,59.705713665864096,-26.165370658984106,140.73332038963596,53.0
2014-04-10,46.79591749425543,-36.08281118058245,131.86840838260954,47.0
2014-04-11,61.72312727696509,-23.795573693693548,144.93695179297438,42.0
2014-04-12,116.69016531050332,31.969497756641992,202.02446376863298,124.0
2014-04-13,75.06497780159575,-11.895754788637358,161.9028434758242,97.0
2014-04-14,50.800654247107644,-27.47490992931277,138.43382810334705,119.0
2014-04-15,52.386591723119366,-27.14990391532154,135.48762249496664,34.0
2014-04-16,80.63156618397883,-3.681214002470223,164.88727277114026,18.0
2014-04-17,69.20809813610899,-10.401611857119933,151.57483408304037,24.0
2014-04-18,85.09996079132979,-6.079318779605171,172.058408694091,57.0
2014-04-19,140.48353693097317,54.32391475920353,225.21514778517786,61.0
2014-04-20,98.71235649222665,13.889379633502635,182.29187769639915,30.0
2014-04-21,73.73748946571098,-5.110276770997473,154.4517036961153,96.0
2014-04-22,74.05881884514527,-10.42864710511144,158.69986108593667,0.0
2014-04-23,100.50795179984652,9.407348919466276,182.87204559988868,37.0
2014-04-24,86.79215820256407,3.172805107106301,165.86287018137045,30.0
2014-04-25,99.94119211632744,16.043534816698298,193.7890228374515,38.0
2014-04-26,152.1877155949948,64.86216126509514,228.49167528143215,88.0
2014-04-27,106.95067534564964,18.486640919636624,184.94392506495606,64.0
2014-04-28,78.25433044185525,0.5471885344848163,158.46293890992106,13.0
2014-04-29,74.67798404642947,-7.44520986943002,157.96052720596103,20.0
2014-04-30,97.13720957560507,14.331210563870448,180.013762448305,31.0
2014-05-01,79.42599609489257,-8.844340127986662,161.78784315376026,129.0
2014-05-02,88.66170684705376,8.069821911785496,174.14810495011162,94.0
2014-05-03,137.16361040210808,52.73095650215044,223.71116628791012,129.0
2014-05-04,88.43437607951428,5.781645392077699,169.0025327484658,126.0
2014-05-05,56.57727300195553,-24.3766055751505,141.36096329505799,70.0
2014-05-06,50.244166073447715,-37.910994588281625,130.00424764045468,48.0
2014-05-07,70.41513842755349,-17.19544028480167,157.92693150010848,123.0
2014-05-08,50.939198448148574,-33.60350871237249,136.86195531814377,87.0
2014-05-09,58.97800307102185,-26.200416834294078,142.7426761695207,65.0
2014-05-10,106.88337985065567,23.3056844019455,184.44751944672151,102.0
2014-05-11,58.1780654918711,-25.580613123754944,143.1935605555042,78.0
2014-05-12,26.972417619666828,-63.47010540027838,113.52271769493669,49.0
2014-05-13,21.91220509512459,-65.28044690999269,97.90862480316122,0.0
2014-05-14,43.95831167925345,-37.93145855551879,119.82314699414253,68.0
2014-05-15,26.927813147388896,-58.23028831382069,103.48703625158593,102.0
2014-05-16,37.93834715866347,-55.836890508174996,120.20285967221702,88.0
2014-05-17,89.28655020006629,6.5100572426662335,172.43137532438882,170.0
2014-05-18,44.42995710774666,-40.774341355409476,129.66052491031454,152.0
2014-05-19,17.40509522489809,-69.72261334440874,107.35482802772624,90.0
2014-05-20,16.7768481204905,-61.85821281054466,104.9597351223259,101.0
2014-05-21,43.41988880356362,-42.61437218880741,127.70881043026591,71.0
2014-05-22,31.06160396555719,-63.327093635712444,116.09708841756137,48.0
2014-05-23,46.728387154778574,-33.15306998384018,127.71927245686085,40.0
2014-05-24,102.62603192074293,21.03646374415634,186.67688117244566,93.0
2014-05-25,62.12357625809037,-21.358860468905426,149.29081217632168,45.0
2014-05-26,39.17328638113835,-45.50338720503393,121.13249465923538,58.0
2014-05-27,42.261811902258245,-45.6556926488599,128.73438175922837,53.0
2014-05-28,72.19327167664859,-7.891403476615424,153.95799943731305,42.0
2014-05-29,62.63365433517621,-22.047282583281902,145.5380031421218,52.0
2014-05-30,80.55837794624911,-2.7055626156226267,167.91281716114878,29.0
2014-05-31,138.1337112411342,50.51220553029604,220.62964302634086,91.0
2014-06-01,98.70138468097953,10.937074903002314,179.58167052134806,75.0
2014-06-02,76.19906247296424,-4.039955195112859,155.6771387587978,75.0
2014-06-03,79.11169721240653,-3.567705781487573,164.78679681554237,179.0
2014-06-04,108.25452283404125,28.045548197615304,191.00185609693213,252.0
2014-06-05,97.31707321460706,15.938716984246776,183.96754701823596,202.0
2014-06-06,113.31044298770189,32.74973739881497,195.30094312247724,161.0
2014-06-07,168.44669996819624,85.15110790516468,254.52800996664737,331.0
2014-06-08,126.12342004549348,38.08230921847871,212.233823948123,271.0
2014-06-09,100.34242467752327,8.692789748020882,186.042932785921,146.0
2014-06-10,99.65958606599307,15.504976838448197,184.61695110027446,2.0
2014-06-11,124.96613148791612,43.42442659191173,211.94059752896283,2.0
2014-06-12,110.03087510518934,24.129099844487897,195.87679480788756,0.0
2014-06-13,121.94527506656797,35.384854284119804,208.45372239061348,0.0
2014-06-14,173.0020794783108,89.98297760505965,259.9263022763234,0.0
2014-06-15,126.67695694991328,41.170868257656785,212.4904229806608,13.0
2014-06-16,97.04585488581378,14.33167029032256,179.61135921552795,30.0
2014-06-17,92.73318213871713,10.670137192884038,174.61592738231576,34.0
2014-06-18,114.69164768244536,28.11878476482869,197.73861929536818,8.0
2014-06-19,96.7432177908954,22.166642727554592,186.32873758700637,67.0
2014-06-20,106.02311879572322,20.577968631640875,191.17760923091424,41.0
2014-06-21,154.8576726332736,71.42731594443788,237.7289658537969,89.0
2014-06-22,106.74537832001934,26.039092742957102,190.90803528181547,49.0
2014-06-23,75.7739933326035,-8.816270013099832,161.31616143101743,62.0
2014-06-24,70.56871543436597,-15.201240528532068,151.13087695277653,81.0
2014-06-25,92.07229357520455,8.714603160004076,176.29393385173873,42.0
2014-06-26,74.08652046140557,-11.579636285183875,156.08201839055604,63.0
2014-06-27,83.71701738834204,-1.9736490558481197,162.6456530817969,107.0
2014-06-28,133.25207593410371,46.765701136115865,216.94873252365062,83.0
2014-06-29,86.14494148625155,1.7868288013517,171.34504347050412,102.0
2014-06-30,56.4322596213339,-30.541225753005268,138.77510553236365,62.0
2014-07-01,52.683748982575835,-29.933107097497544,134.3000965118681,29.0
2014-07-02,75.78388942225683,-5.789330226487657,162.67383268620537,63.0
2014-07-03,59.47503621500734,-26.67594448656894,137.44924682936914,97.0
2014-07-04,70.80382831687393,-6.999723409806805,152.52455284265451,136.0
2014-07-05,122.00161291735859,40.900692393642494,204.575644618414,335.0
2014-07-06,76.50795573003681,-4.830247820690516,164.11152012401277,299.0
2014-07-07,48.27129233558871,-34.08937900914234,140.84154159087674,5.0
2014-07-08,45.81900349447956,-36.518471808874146,131.91007012689286,2.0
2014-07-09,70.00041810475548,-23.392950662635524,151.1772578244555,9.0
2014-07-10,54.53075618671289,-32.13344795645393,142.88031405043264,9.0
2014-07-11,66.4381346237066,-15.223688346652859,153.25181522523755,0.0
2014-07-12,117.94434438131447,35.61326302221451,195.37868663091558,0.0
2014-07-13,72.44873631323377,-5.11483273892917,161.26904332394946,0.0
2014-07-14,43.94789790707382,-41.846525179246626,126.11585587092607,0.0
2014-07-15,40.98615615423714,-44.27269908957341,124.47969407675278,0.0
2014-07-16,64.43767771935956,-25.661167891652173,143.4943649667078,0.0
2014-07-17,48.049570935321555,-32.7896982260121,132.43995502184058,0.0
2014-07-18,58.88786271131086,-29.641204683388285,135.97800363806348,0.0
2014-07-19,109.21708893196222,21.525775107377434,195.57425227418796,0.0
2014-07-20,62.48286939487461,-23.873045549072142,147.8830855022233,0.0
2014-07-21,32.73018675693469,-58.69503594756292,111.96390086830807,0.0
2014-07-22,28.552443922224832,-61.16197683908104,112.0312075417908,2.0
2014-07-23,50.87211138022788,-33.253099560817596,133.11464276567975,0.0
2014-07-24,33.48240931993502,-50.26102379660773,114.21305709574484,0.0
2014-07-25,43.49193678967515,-37.85827864690141,124.56151830091244,15.0
2014-07-26,93.20302346989227,11.697413550627074,174.43521023587942,9.0
2014-07-27,46.09320891312412,-38.27056642018247,132.12089574448248,13.0
2014-07-28,16.232598415791323,-68.52905137263734,92.76827584124642,15.0
2014-07-29,12.232194751342561,-67.66855123714762,96.23411113441796,26.0
2014-07-30,35.02403649719866,-49.75058688336712,113.484769588805,16.0
2014-07-31,18.40260092439383,-63.68141294239656,105.67682569361433,51.0
2014-08-01,29.469390435810396,-51.777648924295406,115.43088707314848,47.0
2014-08-02,80.51147824603574,3.1093730392804977,163.50968608862362,56.0
2014-08-03,34.98341170224987,-46.9680170742586,116.30015065775724,45.0
2014-08-04,6.998618924045765,-76.42336002427024,83.11280199879748,40.0
2014-08-05,5.058352370990967,-77.123546571812,83.60592327336572,17.0
2014-08-06,30.05306928258917,-54.73383369432303,114.58926352509812,103.0
2014-08-07,15.731584297510118,-71.07650953135442,97.1871854907913,72.0
2014-08-08,29.14692691950563,-53.973781564010714,105.79910184514647,56.0
2014-08-09,82.53623403580963,-4.282679116023224,167.65366970869619,0.0
2014-08-10,39.304037722058915,-38.96001507783285,128.84161588596206,1.0
2014-08-11,13.441645534075072,-73.86003623789428,97.25504696728758,0.0
2014-08-12,13.477654667294757,-70.29866960806856,93.90105049933854,0.0
2014-08-13,40.26036861320257,-39.62548800198835,124.7446601840889,0.0
2014-08-14,27.50150966533233,-55.393767670912055,112.4517226424767,0.0
2014-08-15,42.22308094439574,-34.30775018706387,128.38002511706298,0.0
2014-08-16,96.63808944394614,10.728940568948694,188.44807404970373,0.0
2014-08-17,54.13446723357548,-23.19282674709948,138.27411289159164,0.0
2014-08-18,28.694870518896387,-51.02680159586122,115.31094129167914,0.0
2014-08-19,28.847386536826882,-50.39988656847029,102.79673950757062,0.0
2014-08-20,55.44791192295649,-26.770040863357714,143.8057597805927,68.0
2014-08-21,42.223597465813064,-41.39596839147992,122.64777443729518,169.0
2014-08-22,56.219220988087656,-22.2695894854255,142.24675276075246,213.0
2014-08-23,109.67721421679546,28.596619005088908,195.73284412379522,338.0
2014-08-24,66.02070101485134,-17.201716183692906,142.48551324999602,129.0
2014-08-26,38.003417269148365,-50.65371343932987,118.73542326174962,13.0
2014-08-27,63.115829981117756,-29.935759308392957,152.57028971404657,85.0
2014-08-28,48.383320352450895,-34.607283988712105,128.89127248788407,0.0
2014-08-29,60.89693228450269,-26.65624830624299,147.2570435735909,0.0
2014-08-30,112.9436123511168,27.409738290744713,200.50671258674467,0.0
2014-08-31,67.9879655828814,-15.768606353194869,145.89990452375127,0.0
2014-09-01,40.08982062782422,-39.747745282313055,125.92663059158464,0.0
2014-09-02,37.85269891493449,-47.10219377663331,119.42328071499921,0.0
2014-09-03,62.20401624729196,-22.6982694407314,146.36736277589748,0.0
2014-09-04,46.94880614255849,-39.04507434644816,135.63020362168325,0.0
2014-09-05,59.17722972671308,-24.009391699685693,143.5165073758431,0.0
2014-09-06,111.1799654795436,26.37020894879456,192.57950354905734,0.0
2014-09-07,66.41757075064689,-11.035003055014569,140.32799035663191,0.0
2014-09-08,38.938216271289605,-48.71884951268219,125.22004622636258,64.0
2014-09-09,37.326552606275555,-42.82953743009257,117.98417134033016,154.0
2014-09-10,62.4845259944636,-21.78888094521114,142.75118887614474,143.0
2014-09-11,48.17358427211549,-32.447287548650095,132.9390879781863,96.0
2014-09-12,61.460171032657094,-20.76285076185059,142.16210807362057,140.0
2014-09-13,114.59525984151063,30.618047845986126,190.9069542353577,67.0
2014-09-14,70.99730060362072,-17.601032413638638,155.08269498596042,3.0
2014-09-15,44.67128636206537,-39.9554429657972,130.93350482739928,71.0
2014-09-16,44.15899182801891,-43.57133172303459,125.99574539388159,58.0
2014-09-17,70.3211607184357,-12.758797499452013,149.4928366238379,62.0
2014-09-18,56.88104192807139,-23.477204140422348,133.92238748239907,62.0
2014-09-19,70.87113289972272,-8.817036131640556,162.68277800180397,62.0
2014-09-20,124.51384422744346,37.778239250174096,207.37792580769175,168.0
2014-09-21,81.2054229186857,-8.434661813486295,165.39428095198414,99.0
2014-09-22,54.935812031343524,-33.66915575614383,137.98937172807933,39.0
2014-09-23,54.239472456514676,-34.674956895485984,133.29574609251338,64.0
2014-09-24,79.97792417673354,-5.736443301470097,165.7869349477598,117.0
2014-09-25,65.88339369800916,-19.419630324764,147.31778128994966,104.0
2014-09-26,79.00541952717838,-8.299559338604164,161.65921473189346,108.0
2014-09-27,131.59113034505737,44.18594823843571,217.58900307086628,234.0
2014-09-28,87.06854105954594,-0.5455542293973472,161.47913614885988,97.0
2014-09-29,59.46555922793529,-23.983504838297705,140.4767529328868,85.0
2014-09-30,57.35974905182751,-32.11132135468947,134.11235434668873,88.0
2014-10-01,81.65963784698161,-3.7362809502045273,172.14258389348618,190.0
2014-10-02,66.14698468316263,-12.11243177507673,157.39613548804343,163.0
2014-10-03,77.92190063068944,-8.0882005719433,165.07135411296585,90.0
2014-10-04,129.29112105784688,52.13181600740799,214.05228111443697,105.0
2014-10-05,83.72109542560068,1.6986806842318658,169.27520781562376,47.0
2014-10-06,55.2840785895761,-29.50287105419294,137.44073338072067,66.0
2014-10-07,52.59686905699828,-35.32740639454787,130.07548128520224,84.0
2014-10-08,76.60074613146114,-9.171312927955967,163.7126401924632,80.0
2014-10-09,61.10252223993512,-16.473322800591216,143.6018885841247,97.0
2014-10-10,73.2186375470624,-15.166680203213156,158.50989988657807,64.0
2014-10-11,125.25308561296018,40.086619237344244,208.01902098624396,128.0
2014-10-12,80.67858619411561,4.29845295466929,162.6360774300391,85.0
2014-10-13,53.55376338237382,-29.0144320400451,139.15982826052428,50.0
2014-10-14,52.47143490099472,-33.76940887026121,134.60974224618107,91.0
2014-10-15,78.33884726307367,-4.146005878106975,165.25750756652184,93.0
2014-10-16,64.91931598807717,-15.123065473581498,151.25825641879317,50.0
2014-10-17,79.27718828045116,-12.25690383931844,162.71692256584376,85.0
2014-10-18,133.6568994548186,54.83692584770845,212.89210054854354,129.0
2014-10-19,91.4655143191791,8.564874902207029,171.40161967250836,119.0
2014-10-20,66.69147998896538,-16.8551536915468,147.34223303429272,45.0
2014-10-21,67.85465814025513,-19.559874570295264,153.28493136478377,78.0
2014-10-22,95.78842844141673,13.758511319938307,178.2154912324208,90.0
2014-10-23,84.18327531849181,3.9802482290609236,164.73905977165776,78.0
2014-10-24,100.03372552750525,14.748600951970595,182.44116054822248,62.0
2014-10-25,155.5193562906008,70.30277571085128,242.3248801353274,97.0
2014-10-26,113.98921341730124,33.074166617381756,197.74704948899904,111.0
2014-10-27,89.38231519094586,2.2258467495449707,174.11451245473427,55.0
2014-10-28,90.17926178000089,7.357694065681672,170.88040705470476,60.0
2014-10-29,117.18569740040148,32.411915270428835,200.3790610305309,61.0
2014-10-30,104.07699781417294,15.293802675949275,184.25071221088956,81.0
2014-10-31,117.84601710350154,40.49441872568868,204.5674858718921,131.0
2014-11-01,170.68458691763897,86.07690219653026,259.98040052285927,160.0
2014-11-02,125.96808880885658,33.50439953214859,207.4371566170902,131.0
2014-11-03,97.70296701997333,17.101720812649983,182.79832120140986,43.0
2014-11-04,94.39618934009357,8.771928945588003,181.05434936685955,34.0
2014-11-05,116.91943100415173,36.132353206735175,200.6281420215692,33.0
2014-11-06,99.02534931378685,21.836324265797657,186.0704927689495,37.0
2014-11-07,107.79381751963291,31.84524959247751,194.96390432439821,82.0
2014-11-08,155.51164126278678,76.67056847758928,245.36516658667966,542.0
2014-11-09,105.6551175527673,24.87656481694057,192.7660762684008,239.0
2014-11-10,72.30814720339141,-16.811162711666256,157.85786626291457,51.0
2014-11-11,64.11096950997333,-17.007469105888347,151.88090519262025,51.0
2014-11-12,82.0403282020824,-3.481776905103404,167.84785778860893,41.0
2014-11-13,59.950514443655,-20.275896728657546,141.5396111105789,1.0
2014-11-14,65.0172036622496,-16.627988823413492,146.9299221302918,0.0
2014-11-15,109.61486993058145,28.458419504178334,198.82748256155844,1.0
2014-11-16,57.29719453825678,-27.94819763591093,144.89626134553788,0.0
2014-11-17,22.213233227828553,-61.13595859691308,102.80218976103636,0.0
2014-11-18,13.054459965956575,-76.66416207943159,98.5945172035507,7.0
2014-11-19,30.833539673650378,-53.599873707432934,113.31838985894927,1.0
2014-11-20,9.42431226345547,-78.55560519298233,92.16807512170912,4.0
2014-11-21,16.00493358621825,-67.25487496185607,99.73188525196369,1.0
2014-11-22,62.93497732807024,-26.536078025389276,146.7651866276944,1.0
2014-11-23,13.735925752359115,-70.41161957261345,97.15472397150177,2.0
2014-11-24,-17.492184359668535,-96.12765824239672,67.08479298620018,0.0
2014-11-25,-22.12285029444385,-111.35506072099045,60.16183697637165,0.0
2014-11-26,0.7769089772848972,-82.43632118009639,82.52177829015189,0.0
2014-11-27,-15.011877400970675,-100.84454053441252,72.24006585887176,0.0
2014-11-28,-2.415093627097839,-81.34795258346497,79.957444618524,0.0
2014-11-29,50.813732229029064,-37.15306437333773,139.23452448625622,0.0
2014-11-30,8.076308061204543,-74.73715352837417,84.39526607879334,0.0
2014-12-01,-16.651219634603486,-97.2102407915487,66.40737919552213,0.0
2014-12-02,-14.867688126209103,-100.0142731240854,71.21947607036873,0.0
2014-12-03,14.281235869800817,-68.7902527696273,96.75824322126466,0.0
2014-12-04,4.411046006569769,-73.69601741182497,86.1674225041262,0.0
2014-12-05,22.482341662287297,-64.95373835886045,110.61945985254316,0.0
2014-12-06,80.63715973550227,0.4614416459382561,171.54929537057714,0.0
2014-12-07,42.1841502940033,-42.275456915560014,124.76134009305677,0.0
2014-12-08,21.01982842472045,-59.20219430617088,113.38161698363557,0.0
2014-12-09,25.58090713486323,-56.928621248473625,112.6620786327359,0.0
2014-12-10,56.62844535955453,-30.680033974943065,141.49089596559415,0.0
2014-12-11,47.793172482364106,-35.74951360880777,127.91488657430293,0.0
2014-12-12,66.02381429414088,-11.971355926115413,151.76043760927604,0.0
2014-12-13,123.46910684345609,42.12833129832749,211.58036270861905,0.0
2014-12-14,83.46281434760783,-8.459420947297312,163.89990824910257,0.0
2014-12-15,59.94441426850441,-14.339831414788122,148.44585743179374,0.0
2014-12-16,61.41046748548346,-22.603058980533554,147.07304113697364,49.0
2014-12-17,88.6974297832552,7.521084706351128,173.26174643760316,157.0
2014-12-18,75.52529674700216,-6.034258151638494,164.71996608621714,193.0
2014-12-19,88.94394546607346,1.7353684135018304,170.22706659250585,94.0
2014-12-20,141.21290482682718,52.17446382232071,223.96038959954473,135.0
2014-12-21,95.78392166946384,12.549576653968517,182.05616251776135,118.0
2014-12-22,66.71904158485587,-13.345174680919582,148.75064086129632,18.0
2014-12-23,62.63928120362351,-14.200309537717219,150.39772673027878,0.0
2014-12-24,84.50470899186982,5.824093824622984,165.97923106362478,14.0
2014-12-25,66.15538790766294,-19.25584839454216,151.45172601666624,0.0
2014-12-26,74.75510362054146,-7.7443712656031805,157.78715185562118,20.0
2014-12-27,122.6686680538719,40.868138880044995,206.34711959510366,42.0
2014-12-28,73.4422198495642,-13.322413483919421,151.7826489191258,45.0
2014-12-29,41.21928999486795,-42.466234507466744,118.63279437110123,55.0
2014-12-30,34.6877529649438,-47.94817899211227,123.36995676474021,59.0
2014-12-31,54.85851699092955,-26.857433824055537,136.45385372840457,11.0
2015-01-01,35.605435715220565,-44.779379012785355,119.68715588044505,0.0
2015-01-02,44.133654332902225,-38.657295914128525,127.21525829601836,77.0
2015-01-03,92.78084810865636,11.523215934782602,182.62719382774355,60.0
2015-01-04,45.07346560834583,-37.63567265750755,125.46972224934474,1.0
2015-01-05,15.118051469769924,-69.75605722170333,98.70218880668568,69.0
2015-01-06,11.549098488332504,-76.18184799274097,93.06876962515045,98.0
2015-01-07,35.308991237844154,-44.92476738362147,123.90839217907211,119.0
2015-01-08,20.189493226003997,-59.765128426869495,104.66808062551124,93.0
2015-01-09,33.276684795934486,-49.03876868333787,126.1946076281499,92.0
2015-01-10,86.83011039382959,4.888339895425484,167.04914583290582,112.0
2015-01-11,44.26551187892182,-41.24292271338548,129.5439651182576,96.0
2015-01-12,19.573858528589895,-69.44372047913492,102.6101584340105,93.0
2015-01-13,21.271725275385535,-56.76669011138105,108.97512327373012,65.0
2015-01-14,50.18379438883292,-40.65708482678582,132.10565046269846,100.0
2015-01-15,39.98687672800884,-43.41032709044531,125.94642003247803,51.0
2015-01-16,57.657305041882054,-23.633115271856415,138.96712639796408,55.0
2015-01-17,115.35240554235583,28.33619662497215,205.56690663218237,71.0
2015-01-18,76.39537548382864,-9.49502701445472,156.35708957460542,57.0
2015-01-19,54.696232957579525,-30.49004454102561,139.89776253225162,34.0
2015-01-20,58.703851397476924,-28.537497440761104,138.70228703307794,47.0
2015-01-21,89.18982115102109,4.084934511496998,170.7807569734156,88.0
2015-01-22,79.79350820530361,-4.028948217513375,164.2925629085483,51.0
2015-01-23,97.47014378782634,15.079563797736496,178.90480856000949,49.0
2015-01-24,154.3726398979876,70.36467160237345,241.90556601878598,110.0
2015-01-25,113.83645504434236,28.6305818075584,195.68778430027746,30.0
2015-01-26,89.80018061337688,1.0720026285677868,169.9274349204955,59.0
2015-01-27,90.75687203820665,9.408673621575893,175.5993838781771,97.0
2015-01-28,117.53688589088522,27.279930438856503,196.31021239488922,155.0
2015-01-29,103.85161833225618,21.244545225330377,189.52271511734864,125.0
2015-01-30,116.74000991041845,34.20792763461679,203.01110144372615,100.0
2015-01-31,168.448548198766,92.42058130901326,254.23076137003605,211.0
2015-02-01,122.41414344368327,39.97290666445589,200.60133336498126,88.0
2015-02-02,92.68254097073807,12.421807174131006,181.53095597618199,114.0
2015-02-03,87.85744254993581,2.526315355915436,170.18144596313238,89.0
2015-02-04,108.88104411953715,23.28983354276354,194.59426965309189,118.0
2015-02-05,89.57548423175635,7.411709614348819,172.96244188089608,84.0
2015-02-06,97.08710551723415,14.485892755342169,184.47475768692487,125.0
2015-02-07,143.76430644333652,54.61742341382616,226.08226368406648,184.0
2015-02-08,93.1383915676217,4.54764058243263,177.08230311597063,107.0
2015-02-09,59.34017454528366,-26.650167853066776,139.56140240657456,70.0
2015-02-10,51.04744005970703,-36.00206023051221,136.03733874760715,66.0
2015-02-11,69.26410427203317,-15.61370772217107,150.81118047046652,89.0
2015-02-12,47.860542607167346,-32.61283154138744,127.92237337636277,50.0
2015-02-13,54.01701671646612,-25.82437841453468,138.80270886804095,20.0
2015-02-14,100.10099114773594,24.75677881085704,186.32242508020624,77.0
2015-02-15,49.64775488868108,-35.73322546784929,128.74190280234814,33.0
2015-02-16,16.77710268118203,-64.90399473062526,106.00477586416972,47.0
2015-02-17,10.14117669009935,-71.75203717051059,87.02509432539125,35.0
2015-02-18,30.704296534640633,-51.29302469538877,112.38009888227101,60.0
2015-02-19,12.284229248431217,-66.54717648362062,100.35059781882387,31.0
2015-02-20,21.996808530626986,-62.097935043926554,105.68167817052324,35.0
2015-02-21,72.13466666978796,-12.759095467216154,156.51993117495508,80.0
2015-02-22,26.14946308229606,-50.79079565982504,113.01090835145982,42.0
2015-02-23,-1.9296702258187963,-82.27026476393652,83.95260698098211,23.0
2015-02-24,-3.5464029186999255,-86.70805298909542,80.58411185192702,19.0
2015-02-25,22.164588611966224,-62.064690038817304,105.85383895597842,18.0
2015-02-26,8.920896808882055,-73.0822912305575,84.46126179694447,37.0
2015-02-27,23.73900809043652,-57.609006595618496,107.62162261059515,50.0
2015-02-28,78.81500107636329,-3.679651844806709,166.2849445462994,127.0
2015-03-01,37.50866327171586,-46.581689802637676,118.56977548520408,123.0
2015-03-02,13.763709970103491,-67.3752726144444,100.65385735329001,44.0
2015-03-03,16.059148694031443,-63.78226164394453,96.73154961884141,22.0
2015-03-04,45.192478583197335,-39.149904168284365,124.71584391762272,31.0
2015-03-05,34.824247474615305,-50.48731868862752,111.6198809785742,22.0
2015-03-06,51.92567531368728,-29.23090884776707,133.90560709428874,40.0
2015-03-07,108.6601187483528,20.159811572309703,190.1423691015035,62.0
2015-03-08,68.36769581532194,-17.58440014432133,149.85478993348704,59.0
2015-03-09,44.985746961094534,-38.47579702085704,133.34230037573775,28.0
2015-03-10,47.00015965076798,-41.4913762215097,136.71762748557438,68.0
2015-03-11,75.22831792441858,-9.557552901746346,154.1579099496815,73.0
2015-03-12,63.363069744504266,-20.541052823836903,153.23991860941823,87.0
2015-03-13,78.41957175959989,-8.854320083363733,171.95073552516112,175.0
2015-03-14,132.61573498419222,46.93168033181112,218.439240164469,300.0
2015-03-15,89.35562599558776,1.608718260851385,171.82016045386214,196.0
2015-03-16,62.64852561461479,-19.557969757749238,146.80093253700045,123.0
2015-03-17,61.058701336885406,-23.92615447486392,145.68629308731886,168.0
2015-03-18,85.48668663948959,5.893218590196169,172.49390301056937,209.0
2015-03-19,69.71149388251055,-10.273637755310423,154.05627398215103,188.0
2015-03-20,80.83565578828865,-0.026171068537476902,165.80043042865935,219.0
2015-03-21,131.16385514194118,51.07926318585421,216.00767785417594,381.0
2015-03-22,84.1845335772405,-1.0185677150715202,169.57199851166195,158.0
2015-03-23,53.98721708827542,-33.52169947295524,136.47984273877637,12.0
2015-03-24,49.21064895751179,-38.539094072661875,131.93142606383978,8.0
2015-03-25,70.82255573542572,-15.841602879301828,159.07780523055342,10.0
2015-03-26,52.66050297229003,-28.532586290699268,137.1344834154543,88.0
2015-03-27,61.875762558628196,-21.44133604190842,146.84806331961383,196.0
2015-03-28,110.81097457475715,28.347297126241198,196.74085646122475,206.0
2015-03-29,62.98101369164868,-20.250852199900866,140.57139936410985,83.0
2015-03-30,32.489812485964116,-53.74920278233944,114.27160561401018,0.0
2015-03-31,27.97824233938782,-59.710978977184595,111.19837187284605,0.0
2015-04-01,50.40388256531452,-31.201090373036028,133.73101171614204,27.0
2015-04-02,33.58213438936244,-49.876457731168884,118.08337836854687,27.0
2015-04-03,44.63059653918638,-39.412989425463124,131.7190571484921,54.0
2015-04-04,95.84747502389033,16.110899615434274,182.05933237283827,136.0
2015-04-05,50.69342223012279,-31.739501510965958,131.85909036935183,55.0
2015-04-06,23.209538010634574,-59.71572562305498,112.38611495242674,22.0
2015-04-07,21.96660958471788,-62.07321620073385,108.0115408919307,30.0
2015-04-08,47.84639326361015,-36.51588374355315,134.5075141249373,30.0
2015-04-09,34.58436374339368,-47.809595680026725,114.99713761653916,30.0
2015-04-10,49.215814099354176,-33.04663509924985,131.84423284358581,44.0
2015-04-11,103.95604362693547,15.613130136240594,188.07391193878456,39.0
2015-04-12,62.183991656028034,-24.346126535715968,146.75002362352558,57.0
2015-04-13,37.86201263799972,-44.908744558634844,119.97813892827263,30.0
2015-04-14,39.486832065247306,-48.41483918209947,119.20480414217906,47.0
2015-04-15,67.87244994437373,-14.25846225102214,142.86938641875824,74.0
2015-04-16,56.69438298374914,-23.028913726671565,140.92911381088132,114.0
2015-04-17,72.93709649637475,-10.515731056765953,166.55823374958842,40.0
2015-04-18,128.7753341643719,45.41257621807055,215.17255434322058,62.0
2015-04-19,87.55867856417362,2.9604867167499944,171.68824757736627,62.0
2015-04-20,63.23201686950002,-19.62268125781174,146.31331833860796,135.0
2015-04-21,64.28693523223833,-22.624035469573208,152.9169145418337,175.0
2015-04-22,91.5447977193423,5.740428064474694,175.2604390059479,82.0
2015-04-23,78.70089562823985,-7.1050943426651205,165.43851706419505,62.0
2015-04-24,92.77151851964163,4.5352380158150964,178.52042579660417,88.0
2015-04-25,145.9746611815302,61.89503763575576,225.9826833536826,152.0
2015-04-26,101.71371115929182,21.462532287442233,188.78568657581653,64.0
2015-04-27,73.99680847780023,-14.321536442746499,155.81645765022384,67.0
2015-04-28,71.3869234295889,-14.608465982530731,158.09909186248635,73.0
2015-04-29,94.78343541752874,8.981823683457968,177.6676596039595,130.0
2015-04-30,77.96462998649189,-11.109408516700572,160.1636832500519,115.0
2015-05-01,88.03300025270019,8.190464815057947,171.3176632569304,260.0
2015-05-02,137.30172355888513,58.167269631706006,224.65614212188433,228.0
2015-05-03,89.25360325351795,11.04595840981219,172.2192321404161,120.0
2015-05-04,57.981397139390836,-19.095191693587154,145.5213493493357,31.0
2015-05-05,52.1284307303282,-34.106963681411315,135.53057573977281,0.0
2015-05-06,72.6684134202426,-16.157859712679002,150.6987716741878,3.0
2015-05-07,53.44629490444927,-38.16143130190873,131.04622271562263,0.0
2015-05-08,61.62208476375142,-24.581291671027426,147.48527607267056,0.0
2015-05-09,109.54842058344474,29.155860942985168,190.03701947616668,0.0
2015-05-10,60.751298410138574,-22.835915495843125,150.03361544443143,0.0
2015-05-11,29.346722799102672,-54.59460564606386,109.73749248308631,1.0
2015-05-12,23.988382916133546,-59.42735780065985,109.66865361564317,0.0
2015-05-13,45.64719185067301,-41.13840459311074,130.2462059197432,1.0
2015-05-14,28.152152737424935,-63.00367133418249,109.37201729126976,1.0
2015-05-15,38.6344755705353,-54.31294142146809,121.96833621210183,1.0
2015-05-16,89.40572458217825,6.411879287405296,174.4944018576026,0.0
2015-05-17,43.9393981021591,-44.60800760836655,125.02838466646665,0.0
2015-05-18,16.28868008413037,-67.30389825503485,100.08951195594052,0.0
2015-05-19,15.035445906993267,-74.72685412934236,97.86378119419334,1.0
2015-05-20,41.07133044096416,-39.59283572437318,122.11452720372333,0.0
2015-05-21,28.140288169906924,-51.21057466317365,110.69160563115763,0.0
2015-05-22,43.28453152334172,-41.027230199223276,124.12487170947692,0.0
2015-05-23,98.72458651948756,16.02552880366913,179.08474091613402,0.0
2015-05-24,57.842824722979586,-22.07450066886577,143.77260389670477,0.0
2015-05-25,34.60316666498227,-46.44262865567648,116.0537903154009,0.0
2015-05-26,37.50199516855887,-47.64546441246283,114.31944628915653,0.0
2015-05-27,67.35104332837682,-16.401263115574206,148.8504989361612,0.0
2015-05-28,57.82164562697808,-23.25112562521659,142.54804086097033,0.0
2015-05-29,75.89219995303375,-6.163106658145895,157.73081470372415,0.0
2015-05-30,133.72954506530934,49.58388490301875,222.84313055942607,0.0
2015-05-31,94.67358262215379,12.522224395146978,170.47299349359787,0.0
2015-06-01,72.70356486325348,-9.198594358195017,152.17560046264006,0.0
2015-06-02,76.25231568969183,-11.153239247051145,163.79008090424605,0.0
2015-06-03,106.12664222379028,29.31275054505691,192.01645457530537,0.0
2015-06-04,96.0058156407593,7.207983742941853,177.60886386586856,0.0
2015-06-05,112.88872282736843,35.07639691367537,199.4176265302392,168.0
2015-06-06,168.97465143857988,84.7974646476117,253.2931481779109,201.0
2015-06-07,127.64705261684628,46.68859861898154,212.64739526669825,147.0
2015-06-08,102.89297348861592,16.440369099165753,184.82626799436838,119.0
2015-06-09,103.25320665736012,16.808135183260184,188.4085909205443,122.0
2015-06-10,129.603941814322,35.247746068974784,216.71794526768807,149.0
2015-06-11,115.69933944474856,25.761234146912997,200.49578265764993,111.0
2015-06-12,128.61691625549673,49.06851825669888,214.73007354380294,95.0
2015-06-13,180.63649808611143,99.75192742681543,270.6337597770001,237.0
2015-06-14,135.22212875382132,45.47995999317019,222.26012230521553,110.0
2015-06-15,106.43967148792169,22.423302058849007,187.3353493271,104.0
2015-06-16,102.90519395831593,14.673724024962123,186.98684100332903,61.0
2015-06-17,125.56496398226889,42.54674585437256,207.4432182877316,40.0
2015-06-18,108.23651497957201,31.909286502803948,185.25682763579596,114.0
2015-06-19,118.05270606456597,33.88355659457849,197.63771155686473,129.0
2015-06-20,167.33956309444636,86.69065442150054,253.04057340019463,111.0
2015-06-21,119.59731422604989,36.87921539920867,203.94787340711463,146.0
2015-06-22,88.91737566383256,-0.11050472233253908,171.0585592647833,57.0
2015-06-23,83.93039109726227,-0.9097786966149595,165.76167873936615,19.0
2015-06-24,105.58615757239713,17.110710888329418,193.00762469523085,27.0
2015-06-25,87.69489557374345,3.4290197509756615,168.44996541955504,62.0
2015-06-26,97.37178000907706,14.04481399835788,185.9623882769523,95.0
2015-06-27,146.9155035520768,66.78660674470427,231.846712601952,183.0
2015-06-28,99.7902647630224,12.178329736302672,178.98596686718693,94.0
2015-06-29,70.04390982769456,-6.1271414411892655,155.06818993022534,116.0
2015-06-30,66.25729957920848,-19.97528602800856,149.63327596206952,63.0
2015-07-01,89.33366830492179,4.316452338009559,173.40277349760123,147.0
2015-07-02,73.01754410630294,-15.92287634356852,161.85054503370202,101.0
2015-07-03,84.3648036870704,-3.4765763875152667,168.85340605133118,248.0
2015-07-04,135.61489291583268,48.83801529491967,218.4597272910038,142.0
2015-07-05,90.17441186160109,7.446039358183105,173.72018982275776,186.0
2015-07-06,62.03678196794098,-20.8582728636016,141.15205194734287,109.0
2015-07-07,59.733027798518265,-21.6933353029176,143.19036107277225,228.0
2015-07-08,84.11443406567945,0.34269341066848746,163.13422776885417,66.0
2015-07-09,68.89646460016957,-12.994145579671724,153.57325520043648,182.0
2015-07-10,81.10579159682176,-3.191903558439698,160.96311883157196,1.0
2015-07-11,132.96114276081326,55.52734839413854,208.8440607227625,64.0
2015-07-12,87.85730112375283,3.372478162339342,171.59953502570542,118.0
2015-07-13,59.784936375467986,-23.177651327644416,144.40709352260805,55.0
2015-07-14,57.281298311276686,-22.11956464501301,137.99244643284453,43.0
2015-07-15,81.21253804896755,-5.991348957952589,167.3506523160655,95.0
2015-07-16,65.31705521869081,-17.29237187215185,151.13621235501472,54.0
2015-07-17,76.65173728141563,-10.031795528832163,165.67331825252342,85.0
2015-07-18,127.47182218532002,40.648484998191854,209.59370922723735,92.0
2015-07-19,81.21374781864724,-5.010482118476902,161.18630853093887,61.0
2015-07-20,51.91370011537494,-30.447226090829208,134.03934314848877,111.0
2015-07-21,48.15692681971714,-32.84362746975653,134.23439916844526,7.0
2015-07-22,70.85862138509997,-12.27845394987241,158.62602156974714,4.0
2015-07-23,53.80581537136372,-27.732730567444705,142.70121077982333,66.0
2015-07-24,64.10218590972406,-12.392692825630702,145.82556944156042,95.0
2015-07-25,114.0465490057891,34.08629419636441,202.6043203429911,190.0
2015-07-26,67.11443977685803,-17.23313422899525,153.15376370251184,60.0
2015-07-27,37.37552616701036,-44.80962196170089,123.03348547502884,42.0
2015-07-28,33.44195395439034,-57.18677449989156,113.13616236867699,79.0
2015-07-29,56.24845360935855,-30.548282350549222,136.18994611171837,109.0
2015-07-30,39.59473362037052,-43.54897403491032,133.3910855488152,165.0
2015-07-31,50.58675367211784,-35.53880638510622,140.6971040787589,99.0
2015-08-01,101.51831256092736,21.556169555654325,189.1789588382711,233.0
2015-08-02,55.8516979557023,-27.740103030119837,138.86269984053294,16.0
2015-08-03,27.635467609462744,-49.84710227245104,117.03862113053783,2.0
2015-08-04,25.453382987531256,-57.77022055924192,112.90652700325322,5.0
2015-08-05,50.20530848008683,-36.63727481535183,130.6241665007086,22.0
2015-08-06,35.64951221885849,-54.27247451034342,116.1682483957356,8.0
2015-08-07,48.8482617726419,-39.85068010259064,133.43756362617535,65.0
2015-08-08,102.04746166068776,14.896467886529791,185.4346625130242,157.0
2015-08-09,58.659700091111574,-28.624501029981797,143.38861144886528,65.0
2015-08-10,32.68340889612126,-48.70890297424434,117.10738881069294,90.0
2015-08-11,32.653184213799705,-54.701455833044214,117.53802616849013,3.0
2015-08-12,59.42204195778055,-27.542490022362077,140.69594222454091,5.0
2015-08-13,46.70500590887973,-34.99452358622786,127.47972485282784,1.0
2015-08-14,61.52588554639998,-25.34231471273817,150.30451331912934,65.0
2015-08-15,116.09795742007447,35.81218537410394,201.80700953675134,235.0
2015-08-16,73.80788829686848,-14.812454770181427,158.43361853436747,76.0
2015-08-17,48.635579644005105,-34.9425802338017,128.82568354332042,2.0
2015-08-18,49.10496205188481,-32.87102063424763,132.52421353870082,101.0
2015-08-19,76.06650066869834,-2.068564686003734,156.90027292142568,162.0
2015-08-20,63.24080287097404,-18.357093538919955,141.57526526915308,25.0
2015-08-21,77.66518520188359,-3.6129773330668162,167.00609495736816,4.0
2015-08-22,131.57391984348897,46.65485356552513,219.49160433529357,1.0
2015-08-23,88.3815116683492,-1.3119786807719214,173.88475230467017,75.0
2015-08-24,62.10170425112916,-24.49703161233328,146.2089260650092,32.0
2015-08-25,61.29726772808422,-24.17668147048636,146.41964876978668,76.0
2015-08-26,86.86135865064094,0.7356468624713103,168.98267022544317,6.0
2015-08-27,72.55987609830258,-7.698481178036848,151.07658968538485,65.0
2015-08-28,85.47670716293251,2.5114842094064227,171.16665421562166,145.0
2015-08-29,137.89337440285095,58.520179266387686,222.00271851688933,78.0
2015-08-30,93.26870416185857,9.340228081083353,181.06843127280203,6.0
2015-08-31,65.65879537154304,-15.474014124697156,144.09500433852062,0.0
2015-09-01,63.664836944896706,-23.10039810876587,138.53403490131063,126.0
2015-09-02,88.2133703365113,6.487515385996305,166.7088080617388,240.0
2015-09-03,73.09769918606955,-3.061816748800108,152.19341756620278,67.0
2015-09-04,85.4223667712087,4.097489344185867,169.8650469414421,140.0
2015-09-05,137.48148216514429,57.186335436296034,222.44369477059578,208.0
2015-09-06,92.74030198827268,4.749041119041985,181.11089664196518,76.0
2015-09-07,65.2528155629717,-18.292097216026654,152.31667364427503,240.0
2015-09-08,63.610427965014736,-17.606778644471593,147.4979283064015,52.0
2015-09-09,88.7225636622604,8.132683662555786,170.55279261930164,111.0
2015-09-10,74.35863754865844,-6.197462810851966,154.64009596518724,176.0
2015-09-11,87.59329832857644,-0.352876300109906,172.20939529117527,84.0
2015-09-12,140.68570338128092,63.01746675304418,224.06261136124363,171.0
2015-09-13,97.06220481158783,6.264334694398332,179.6392850588718,102.0
2015-09-14,70.73516265395511,-12.122581387194456,149.58186819265035,69.0
2015-09-15,70.2529440956263,-12.65786134423068,152.2727796427053,77.0
2015-09-16,96.48189299507445,15.895991403486567,183.96658755198465,174.0
2015-09-17,83.14967637833759,-5.341062631947669,165.32711852067857,69.0
2015-09-18,97.2918721691878,16.735471066621972,184.65898134374154,52.0
2015-09-19,151.1325171628151,67.98383081947607,232.82085516343247,42.0
2015-09-20,108.06795656087515,28.16891007199204,194.72128975596166,1.0
2015-09-21,82.08667548559062,-1.695308014809306,166.08433126338983,62.0
2015-09-22,81.72013965994121,-3.225872884434538,162.06947489957315,88.0
2015-09-23,107.82540266316147,20.117687172221185,192.014908122221,60.0
2015-09-24,94.12886519179658,-1.4053751655311424,177.23969102634527,2.0
2015-09-25,107.67303559435534,21.177449551377297,188.12129709780322,3.0
2015-09-26,160.6970024640612,75.99352117556982,242.21611284259757,9.0
2015-09-27,116.61995942854165,39.260789064577395,199.64230109279714,142.0
2015-09-28,89.46694267258032,2.86870852126362,173.0485478629767,90.0
2015-09-29,87.79945073291421,1.8213824523914703,171.2850747733913,20.0
2015-09-30,112.51646516926911,27.50556562340791,193.2283961792379,37.0
2015-10-01,97.39054225214586,12.506464484188921,177.85647655003257,86.0
2015-10-02,109.51322734833865,23.033690019922158,187.8093156926037,166.0
2015-10-03,161.17406515653192,84.49634396463648,243.34387179937684,391.0
2015-10-04,115.84258627369744,30.399752810931687,203.32823335551114,56.0
2015-10-05,87.58599957130448,4.9848091830217856,175.48041470977032,64.0
2015-10-06,85.01767527189045,-1.9028804598870526,171.9313084770514,35.0
2015-10-07,109.07724095657267,22.677449899008252,194.98257643642404,40.0
2015-10-08,93.57174614464567,8.48549891134057,172.90439096745578,21.0
2015-10-09,105.61981842273477,23.682481956182414,188.82731041532674,42.0
2015-10-10,157.52959708500865,68.49937971174168,246.8265111349106,95.0
2015-10-11,112.77985901337213,25.02406267351679,197.7103838059706,85.0
2015-10-12,85.43709509693798,-2.093707272976778,174.148468446826,140.0
2015-10-13,84.10364461334413,-1.2674912209866167,167.86187747230446,80.0
2015-10-14,109.69772534897994,30.193881643692325,196.5938685380271,91.0
2015-10-15,95.99482313826235,10.676237859046886,184.5569565411409,65.0
2015-10-16,110.07236401261557,28.698039883484004,188.76167196098535,166.0
2015-10-17,164.1884472019111,77.68453475813193,244.8379041991765,137.0
2015-10-18,121.76403815680803,40.83646033720699,207.4275229325826,174.0
2015-10-19,96.8013568161255,8.727003278442453,185.8496765214161,120.0
2015-10-20,97.83353846125141,12.508048098196701,178.87937403181039,93.0
2015-10-21,125.70636856699164,39.35735292300211,206.5727355891378,100.0
2015-10-22,114.12151355535315,30.84651115907784,200.67801803818472,137.0
2015-10-23,130.0831245146747,46.49847216840458,211.2246889456143,241.0
2015-10-24,185.77854279897258,104.70615019333952,266.69351500722115,113.0
2015-10-25,144.56245542497052,60.92478604963492,226.10248312159987,257.0
2015-10-26,120.37718363943297,31.495300791357316,208.89768306077744,166.0
2015-10-27,121.70413090426983,32.82940104468825,210.9866921005559,162.0
2015-10-28,149.3471805025012,67.4436028554253,228.04447838445768,247.0
2015-10-29,136.97723021643088,54.15556129866914,221.98591376772657,70.0
2015-10-30,151.58007801230178,65.09102929191667,234.6624554030242,139.0
2015-10-31,205.337974721917,123.80915214942732,291.21149905120166,195.0
2015-11-01,161.61435215157357,76.19449261281466,245.3243729268352,206.0
2015-11-02,134.3743514034814,51.73790921737477,213.87827113713368,268.0
2015-11-03,132.13616504911727,47.09198365934529,221.1546742733834,59.0
2015-11-04,155.75394159191382,75.73532146202174,238.6360071170387,99.0
2015-11-05,138.96163339681755,57.41351306488988,220.68155169907234,63.0
2015-11-06,148.81963786381613,56.17197950953501,234.24574969994856,77.0
2015-11-07,197.59494780111908,108.8263060794013,283.50965546450936,232.0
2015-11-08,148.74416078239256,65.98086139712558,234.0564454434221,157.0
2015-11-09,116.33204769888158,32.170028960781515,203.13915365601838,107.0
2015-11-10,108.98073830055344,23.436382975207437,200.22002647141161,57.0
2015-11-11,127.65032179427868,45.79441213091533,211.39375204422873,95.0
2015-11-12,106.18029757260703,16.097666719211727,189.4349559740868,86.0
2015-11-13,111.73378271545275,32.872963128939624,204.91431831360518,102.0
2015-11-14,156.67525064415636,70.38595894302091,245.36162627019746,184.0
2015-11-15,104.55120926887403,20.476687529424353,186.61406740480427,138.0
2015-11-16,69.50657605529491,-15.396804629596172,157.83052970399547,106.0
2015-11-17,60.23186226500213,-23.947037413931113,144.5621994923403,89.0
2015-11-18,77.74201476440606,-9.654339017312507,164.05586334731746,107.0
2015-11-19,55.91639539790704,-28.880149438886072,146.78322976652854,78.0
2015-11-20,61.94184294102261,-25.687621542468374,142.98157257065043,185.0
2015-11-21,108.18962285519619,21.987449764516448,190.39033370716115,151.0
2015-11-22,58.19569568457907,-33.394822114659945,141.03393797654374,97.0
2015-11-23,26.077075082159908,-53.06444413485454,108.08654138647722,76.0
2015-11-24,20.479391964873173,-58.32817298359408,103.67707605468584,140.0
2015-11-25,42.356507957969896,-41.88234887786099,128.89232018693087,137.0
2015-11-26,25.51164350456905,-55.7862296793725,109.48527645497649,84.0
2015-11-27,37.042133116380896,-48.71903128501346,121.92131259488366,0.0
2015-11-28,89.21762491614422,7.191672063159036,170.31310246961752,7.0
2015-11-29,45.4630269106526,-45.825271298244495,128.06024368437954,5.0
2015-11-30,19.777012427952954,-63.67609468323486,99.46717450309201,22.0
2015-12-01,20.682104374991383,-62.324653870255176,102.89002178597333,36.0
2015-12-02,49.00693314338204,-29.23693505313657,134.44883912397646,36.0
2015-12-03,38.430073220144834,-42.5660631290741,127.32257210752324,38.0
2015-12-04,55.92731778300042,-24.57379196937178,140.8846532500473,95.0
2015-12-05,113.65310198809163,26.920410161723137,199.12508393537394,108.0
2015-12-06,74.92540472357186,-9.015235667960257,153.6201975145294,70.0
2015-12-07,53.6467945867083,-32.85136995158505,134.16320048077787,78.0
2015-12-08,58.256629683693774,-26.15405950687827,145.02872512695427,77.0
2015-12-09,89.51514837342901,3.54937678102006,172.64494426631234,76.0
2015-12-10,81.04881366700093,-4.446207942655912,163.63208196904222,59.0
2015-12-11,99.79873573550327,13.58056975892899,183.3120629243929,42.0
2015-12-12,157.90285673735082,71.23265911923643,241.24758370204106,142.0
2015-12-13,118.68121018208241,27.311182539618912,201.7955136879996,116.0
2015-12-14,96.05691237567268,16.29183388095846,178.77633909799204,57.0
2015-12-15,98.50789684237844,21.79669670963806,181.85427712959006,167.0
2015-12-16,126.85013959775785,39.58844091036537,213.3923249501885,154.0
2015-12-17,114.78175792075352,34.46700458395378,201.18182122006405,139.0
2015-12-18,129.3298356961114,41.48567107600814,211.4786921598105,192.0
2015-12-19,182.73069614410872,89.86003290597829,261.52903794984036,295.0
2015-12-20,138.41297786707145,52.11005020541521,224.43841969094854,311.0
2015-12-21,110.4162215276793,19.0962646169117,189.56284639644193,251.0
2015-12-22,107.34003270258003,25.048507950206055,189.2484400128351,377.0
2015-12-23,130.1246270215624,50.24066234755545,211.70549428879545,410.0
2015-12-24,112.59220070232753,34.21507575305683,197.12091017295012,161.0
2015-12-25,121.89104082390946,33.660721118445295,207.0297489908223,0.0
2015-12-26,170.37315683548542,86.64154619195469,249.84244701852523,212.0
2015-12-27,121.61598456086969,38.62638592484213,208.7563260225413,106.0
2015-12-28,89.71524212509306,5.245147568044202,172.50036753950653,100.0
2015-12-29,83.35542062667527,-0.15071224247338885,164.08736533283042,9.0
2015-12-30,103.54739426060505,19.39401889346422,189.8370382573714,0.0
2015-12-31,84.16831464740658,-2.806123940699081,158.83314656686346,0.0
2016-01-01,92.40459795937204,11.69097290953094,177.19269046305462,0.0
2016-01-02,140.62880908120678,59.611458735260214,224.24650434829567,3.0
2016-01-03,92.37987156990124,12.991479107635962,177.0807421786432,0.0
2016-01-04,61.77937139689288,-21.503875638604086,147.98899071948986,0.0
2016-01-05,57.47906724057202,-24.094089848439268,140.3177819747416,3.0
2016-01-06,80.44044625217137,0.9576092716671093,161.64620675857827,3.0
2016-01-07,64.47578618522967,-23.86498018016287,147.5578481186431,0.0
2016-01-08,76.69264071260423,-10.626500916823755,155.5622848378395,2.0
2016-01-09,129.37251667835392,41.26233877753868,210.2549496467199,0.0
2016-01-10,85.95313035974166,3.445699096462693,172.13148046258448,3.0
2016-01-11,60.44696383219078,-23.300238206552837,139.66553950323726,0.0
2016-01-12,61.39118322823552,-26.673925211938577,143.91707376502524,103.0
2016-01-13,89.62970393160526,5.200799400214562,177.85971925599816,164.0
2016-01-14,78.85680804615399,-5.5301796443267985,164.30909379562607,118.0
2016-01-15,96.06417499617756,4.534120762143497,183.80238109279242,65.0
2016-01-16,153.42203887727229,68.73660303553092,240.66287291733337,24.0
2016-01-17,114.26380653680454,31.747842828970107,197.24469228676284,0.0
2016-01-18,92.50680757717463,8.548745413364035,174.33631253330452,1.0
2016-01-19,96.60419240966503,12.92983573341655,183.6648061150634,0.0
2016-01-20,127.32872293137314,44.16238397789714,210.20186026345385,1.0
2016-01-21,118.31782669420278,32.35437174885909,200.58371581642444,60.0
2016-01-22,136.52174763304782,54.09506739402086,216.24979948670313,103.0
2016-01-23,194.0854863563659,108.63361661271462,280.3376047113332,263.0
2016-01-24,154.3338508968984,71.72254457317706,238.2469476512955,189.0
2016-01-25,131.19228372535508,44.39146644341421,214.58886823754727,197.0
2016-01-26,133.21422595187684,49.105511899124764,223.12989521079288,105.0
2016-01-27,161.13706069539643,73.32212642413742,237.28579779552783,129.0
2016-01-28,148.6534483888542,64.05180887065856,231.1569855202552,144.0
2016-01-29,162.78248598184751,87.69569349139299,251.5264572425879,173.0
2016-01-30,215.75012533146582,130.8808655483049,299.667062143844,293.0
2016-01-31,170.97246441735993,87.0933284483545,252.57521783126845,219.0
2016-02-01,142.47461692698243,58.35157248615794,230.06454810735653,131.0
2016-02-02,138.84022200671052,53.86683544470092,222.4350090456807,184.0
2016-02-03,160.99239456370213,75.8628212713035,244.53419436334224,266.0
2016-02-04,142.73555161647346,63.61010864006299,230.8133887835356,98.0
2016-02-05,151.20001968394328,72.10717974959407,233.83457713587768,67.0
2016-02-06,198.72019380145792,113.8681034553812,290.54058209370817,85.0
2016-02-07,148.81565057441262,64.33645167381758,230.17826874105904,78.0
2016-02-08,115.60796474364942,30.969262050452894,197.71859551111845,71.0
2016-02-09,107.76833172030395,23.56944283721632,186.88619232609827,113.0
2016-02-10,126.29683312122691,38.810135367775985,207.7611372752457,138.0
2016-02-11,105.06281272056333,19.00619963451933,188.58393683383974,98.0
2016-02-12,111.24829443465035,30.1360720248364,191.52156859071368,96.0
2016-02-13,157.2252338103461,72.4542187575026,242.20176011819194,190.0
2016-02-14,106.5360202375331,19.64473829813052,187.26384299050403,105.0
2016-02-15,73.30998790335899,-15.385590272717975,155.17470342089257,25.0
2016-02-16,66.21104016275423,-17.06391663124468,153.65949325472323,47.0
2016-02-17,86.21722031123085,-0.15441423438485286,171.03955655174727,63.0
2016-02-18,67.16168606080383,-13.43213710810291,146.29889864179654,39.0
2016-02-19,76.17700346145858,-8.68297482247076,165.37242155552488,35.0
2016-02-20,125.57353052313837,41.12409352802784,209.96997768170763,77.0
2016-02-21,78.8212817198542,-4.445345633030623,162.05046744667305,60.0
2016-02-22,49.96800112643129,-34.013278927985176,132.2516783520719,52.0
2016-02-23,47.58851504937394,-36.5682297642779,131.94449720293548,51.0
2016-02-24,72.56616049538988,-10.558897775224258,153.53306961419287,37.0
2016-02-25,58.63570808378837,-21.697237473179403,141.61669600389868,42.0
2016-02-26,72.82965518970417,-14.212887646234059,154.81268833362023,89.0
2016-02-27,127.35861915544682,44.96503478009538,207.26615114963192,217.0
2016-02-28,85.59518167398345,4.4566525577699165,170.83482800995978,197.0
2016-02-29,61.49387312744689,-21.817310672671063,149.76734099931133,81.0
2016-03-01,63.54233062428894,-21.45541027592537,151.1216976846519,58.0
2016-03-02,92.54439150498416,12.332580115506019,175.9271132693053,120.0
2016-03-03,82.16450951946277,5.980385326599386,164.9704087007672,64.0
2016-03-04,99.37534179235854,17.28055144091934,188.71230917964192,64.0
2016-03-05,156.33921295953309,77.73238083045568,241.4287825974339,76.0
2016-03-06,116.39278873096296,28.78641901726701,197.27855420648882,86.0
2016-03-07,93.46763373055354,7.01907505877468,171.48149030276812,98.0
2016-03-08,96.04167854066914,11.764223410915228,174.14430924063936,53.0
2016-03-09,124.92235413860499,41.07281147507058,210.63683815772401,38.0
2016-03-10,113.79078258467304,27.950992866603958,202.86225510321518,46.0
2016-03-11,129.64887889597537,50.038859946515686,216.27919164856593,45.0
2016-03-12,184.70008228738126,95.92834958752856,264.92287167192427,67.0
2016-03-13,142.3330655417481,61.16545956351825,229.8747535688924,52.0
2016-03-14,116.54111823606621,24.72102517585239,199.5328234912488,24.0
2016-03-15,115.87225355568272,32.286171868634256,196.6549976465263,51.0
2016-03-16,141.21082513327107,53.95106101244862,225.22742184490457,127.0
2016-03-17,126.32007389978295,44.38044859253925,205.62185915008195,75.0
2016-03-18,138.28749329448434,56.57738828179559,222.74177998345215,62.0
2016-03-19,189.403766059873,102.20906747984735,270.0673165862094,128.0
2016-03-20,143.1446574016599,65.17474079326178,228.9785731034281,138.0
2016-03-21,113.58859653007801,28.943204870771705,200.60335244735347,74.0
2016-03-22,109.3650322099279,28.198241945626144,188.0581676905172,73.0
2016-03-23,131.4343835439836,47.02527563229038,214.66925116769193,100.0
2016-03-24,113.62903903504838,24.928174435932675,197.01024486795208,71.0
2016-03-25,123.09732293530303,42.855937696740085,205.501569042045,99.0
2016-03-26,172.1812098155716,87.64455602679716,254.48737867322765,102.0
2016-03-27,124.3971963380906,38.736557689668565,209.88907243686208,57.0
2016-03-28,93.85308248585079,9.358119290259127,177.07719083666052,23.0
2016-03-29,89.1957637442774,9.099372469869273,177.5162634014166,35.0
2016-03-30,111.39086664711152,26.603273958068907,197.272616602127,59.0
2016-03-31,94.26368699823603,13.386016902014294,179.41430570954023,41.0
2016-04-01,104.94335098999605,26.252390511056227,191.16329921786223,68.0
2016-04-02,155.74097625647832,73.24840105478152,243.9897362400059,84.0
2016-04-03,110.13123289944922,21.02933137263552,198.663617422202,42.0
2016-04-04,82.17004289011814,-1.6953029850900643,165.60580794410077,95.0
2016-04-05,80.44350082728504,0.8625867991701532,169.04853559490803,85.0
2016-04-06,105.848825631043,20.928473161372818,187.1050461384423,102.0
2016-04-07,92.13677574148241,8.050022053132547,175.35330066922154,111.0
2016-04-08,106.35741791440516,20.85545418766389,194.38158095608208,113.0
2016-04-09,160.7399936990606,79.29578060689512,246.7533443638018,208.0
2016-04-10,118.67624851112133,41.16548943515394,201.9434701742177,148.0
2016-04-11,94.13992508749394,10.410063616856863,174.9582291585229,123.0
2016-04-12,95.63746694012451,14.211392623564969,172.01570872221274,62.0
2016-04-13,123.9907040152765,37.877450815268986,204.52752948987023,129.0
2016-04-14,112.88091653044616,24.558280801670374,197.25541167200143,102.0
2016-04-15,129.29613199699583,48.195121122733575,218.23115306947705,110.0
2016-04-16,185.4123667071398,98.19581662538714,265.2080370341375,202.0
2016-04-17,144.57814674779152,66.29853954018586,231.49130021736096,144.0
2016-04-18,120.73498410663382,33.20706408781318,203.23302621462628,84.0
2016-04-19,122.36883146689847,42.005351476947105,204.13007776768342,127.0
2016-04-20,150.29327059264452,60.10838027365167,235.76448819939768,181.0
2016-04-21,138.19381809791346,54.20007684431247,220.0422135557937,268.0
2016-04-22,153.0751968738518,72.84436852797917,241.24189216916673,278.0
2016-04-23,207.14228335882999,122.08479764863007,292.64035507454514,234.0
2016-04-24,163.78407035400744,80.83974555038444,253.0930189701059,133.0
2016-04-25,136.99333127904762,44.20845395466005,219.20890588025856,91.0
2016-04-26,135.31702532983772,43.57978627806588,218.65272287303208,83.0
2016-04-27,159.63821955953568,72.10179891167384,237.7348498545668,139.0
2016-04-28,143.71893764687954,57.595688828650026,226.24838083791465,113.0
2016-04-29,154.64581394550368,65.40268032595183,239.98607305177217,141.0
2016-04-30,204.70929704232887,120.77311837977618,281.89996548267715,228.0
2016-05-01,157.38577960690318,78.81336098498339,245.66504661500687,163.0
2016-05-02,126.7553797434503,40.191242254485275,211.88658094936824,0.0
2016-05-03,121.45045404054089,38.821649014606656,209.9701126832285,125.0
2016-05-04,142.43565958632752,65.59087585645739,225.2677760017514,180.0
2016-05-05,123.54901558210146,41.01733570757215,204.6710511441232,222.0
2016-05-06,131.94588271639543,49.7701237719841,212.6129697570848,243.0
2016-05-07,179.97664191027866,99.24059140381509,268.40173107814354,408.0
2016-05-08,131.167483548236,46.295041653820334,214.4725364275292,181.0
2016-05-09,99.63706290052667,15.426116274459353,177.7295187789391,176.0
2016-05-10,94.04412785457781,9.300468241224682,179.82892557762563,178.0
2016-05-11,115.36695696154133,30.12110675948963,196.4697978808527,310.0
2016-05-12,97.44407345763048,22.56670720620461,181.4390657566774,134.0
2016-05-13,107.41816235705825,18.272817416810224,194.3695126441815,132.0
2016-05-14,157.6139748071776,73.28174444935313,245.50015783735813,1.0
2016-05-15,111.51962693979907,20.206655630113076,191.55566055821677,0.0
2016-05-16,83.20403861738066,-5.481787836249711,164.6372149829883,0.0
2016-05-17,81.26560164333759,-4.872129073146323,168.49871065832548,0.0
2016-05-18,106.61289298808208,24.2448335670662,198.85431984420617,110.0
2016-05-19,93.0068708020453,8.530633058007721,176.93163935026857,81.0
2016-05-20,107.50644759333515,20.92267853854702,194.6064766167285,112.0
2016-05-21,162.34818794220936,75.46985645672628,248.990835078612,186.0
2016-05-22,120.92949788386676,34.51628727631944,207.22347249267386,113.0
2016-05-23,97.22800889821966,10.15445502551741,182.38730003113207,86.0
2016-05-24,99.75220221693951,16.00184918318522,184.7578174996905,59.0
2016-05-25,129.3240447746506,46.268083103407974,214.17481935982468,94.0
2016-05-26,119.62303100252632,35.72182476273697,196.91271739265648,167.0
2016-05-27,137.6334829599257,55.03016577536522,223.70187507486372,244.0
2016-05-28,195.52581696516023,109.9531293010517,278.6183962811762,261.0
2016-05-29,156.6411082646643,78.80553595634177,243.52062606334758,187.0
2016-05-30,134.91162554882047,56.70831643504809,218.3168808065693,115.0
2016-05-31,138.81235512282728,55.59282518249591,224.5840157912669,139.0
2016-06-01,169.1442660048774,89.95925702436675,252.65630855935996,273.0
2016-06-02,159.5786964498588,72.7064067878878,245.66447702338465,235.0
2016-06-03,177.1047073839802,93.95965484063865,258.8159397942268,172.0
2016-06-04,233.91011077651967,154.04475445745172,314.0544439451671,323.0
2016-06-05,193.3655112497924,112.5856060670795,279.18510941242243,336.0
2016-06-06,169.44404623745365,83.53776897634997,252.66055408600116,127.0
2016-06-07,170.6718644274742,88.17438205682647,252.87302789149183,137.0
2016-06-08,197.91011964453628,112.04507603075868,277.687776512731,249.0
2016-06-09,184.89789188031665,96.47062564412305,265.3159513202425,201.0
2016-06-10,198.69791673985054,111.18033008498286,279.3200929377413,271.0
2016-06-11,251.57587082209824,170.73480871714722,333.97965953307715,512.0
2016-06-12,206.9825935567177,123.78889336697927,293.4276919281728,317.0
2016-06-13,178.9719747410967,98.56125073263121,263.30672087469134,224.0
2016-06-14,176.14959206363585,91.73043729735386,260.5694567620711,239.0
2016-06-15,199.45291985023803,112.01782203700515,282.8286939295451,377.0
2016-06-16,182.6925632549848,95.48308571105598,262.8073496757099,239.0
2016-06-17,192.99643907203216,106.84479552097704,273.83278156076443,243.0
2016-06-18,242.68768698881416,150.08349185174995,323.8212600172407,438.0
2016-06-19,195.26572361421017,116.0226179143678,275.2466434469508,334.0
2016-06-20,164.82319505264778,87.30541654834025,248.49243347693758,149.0
2016-06-21,159.99393290886016,74.09912197800897,238.86723429410117,32.0
2016-06-22,181.7327491171119,97.44136600492169,266.8236412215953,39.0
2016-06-23,163.856531208206,78.31875777944866,250.1547689376311,42.0
2016-06-24,173.48855963280235,84.1764876783002,253.27611537323781,64.0
2016-06-25,222.93682448014843,138.31419828312988,303.53068555540045,170.0
2016-06-26,175.67574069490146,91.95377898385526,253.27605145246568,132.0
2016-06-27,145.76399795196738,56.074170116912185,234.71533813301494,123.0
2016-06-28,141.79362459845484,57.939345047709814,224.9390682671353,78.0
2016-06-29,164.6710703964846,83.64190433591861,250.8255022475973,130.0
2016-06-30,148.15973463629143,64.14941103034585,227.81946236860279,141.0
2016-07-01,159.32582273488825,79.58924778209355,242.866172543544,247.0
2016-07-02,210.41826769889795,122.20246858002088,292.19868060418156,322.0
2016-07-03,164.8520732129651,80.13579751705362,249.79598083393395,196.0
2016-07-04,136.62777188951077,51.43184700915952,217.1313394575559,172.0
2016-07-05,134.28203629731198,49.05569760789022,226.5252409795079,218.0
2016-07-06,158.67020762561205,82.25467000870681,246.11130077804552,216.0
2016-07-07,143.51013163036052,57.76158528430187,230.85065788240428,179.0
2016-07-08,155.82915196153837,73.9981769707405,240.24145124868846,32.0
2016-07-09,207.84496898759974,132.5016014448397,292.9656169480504,95.0
2016-07-10,162.94969810499276,81.24079947251258,252.69917281086634,78.0
2016-07-11,135.12980434384988,49.92896740986338,222.4721622469255,122.0
2016-07-12,132.9169406474347,51.67131301752621,214.1278458590768,164.0
2016-07-13,157.170451151499,77.71708778756171,243.08147323161708,288.0
2016-07-14,141.6209323688615,58.280458054546614,221.91127825738366,138.0
2016-07-15,153.31671229506054,73.55360854068469,241.98717861055724,189.0
2016-07-16,204.5039718479036,119.49695600024698,284.00284188459324,321.0
2016-07-17,158.6098648234918,71.50568971774274,235.95704083085903,209.0
2016-07-18,129.66134066729765,47.418587114212364,215.09896339026787,161.0
2016-07-19,126.23472944556846,50.369321303073136,207.18679817354095,157.0
2016-07-20,149.23688599392068,65.36782167599621,237.33375304404223,283.0
2016-07-21,132.44732446106497,48.71613845097767,218.86422178056074,60.0
2016-07-22,142.9632431924988,61.6236764542009,227.54229443072228,98.0
2016-07-23,193.07820482109707,111.95864469697013,277.91724658612355,133.0
2016-07-24,146.26386762306305,60.40940220629021,225.5653225226628,130.0
2016-07-25,116.58751065523077,37.93797874303089,202.83190260268944,62.0
2016-07-26,112.66044757481052,32.00991736501689,196.2618189949582,97.0
2016-07-27,135.41815797863563,45.8064708363108,224.53378245388254,98.0
2016-07-28,118.66159481788276,31.375761771341566,200.350621977673,108.0
2016-07-29,129.501589915736,47.01355811994039,212.66409189447032,128.0
2016-07-30,180.2371386919056,102.2522565337456,264.4133821826802,270.0
2016-07-31,134.33697011728856,55.47950977244323,214.1463133275987,183.0
2016-08-01,105.8571478414843,20.750332107787038,191.48571195264452,
2016-08-02,103.3897942186812,21.16419085587146,189.31568096690796,
2016-08-03,127.84375638671767,42.732998646100604,211.31456561513556,
2016-08-04,112.986657049558,29.54386609139222,195.58865590251648,
2016-08-05,125.89023032744669,40.96848602342308,207.6308911884576,
2016-08-06,178.80969695719594,89.62137231884805,261.4939156616009,
2016-08-07,135.16655365149555,55.93496679721258,222.26863581194598,
2016-08-08,108.96748782767301,29.055826884315522,195.4624288235103,
2016-08-09,108.75447215177272,22.818416473029608,191.56167341365057,
2016-08-10,135.386819270535,57.768894132627935,220.98735680475787,
2016-08-11,122.58460018443336,35.79819367101388,210.0159332812901,
2016-08-12,137.3752881064357,57.938305516192585,217.52656385860124,
2016-08-13,191.9743453230317,109.03271822975539,273.9904922629298,
2016-08-14,149.76909388682233,61.65156531832539,232.48173648348296,
2016-08-15,124.73855110299573,35.93654868415995,208.9510042887185,
2016-08-16,125.40425858669784,46.54441166035372,215.11252228292483,
2016-08-17,152.61286489377105,67.09761267958974,234.93558120880363,
2016-08-18,140.0798506774816,56.8512521679213,226.92348772533722,
2016-08-19,154.83624998466155,72.63763478006503,237.67706141779152,
2016-08-20,209.1090834914702,120.0626527952066,287.65173552467553,
2016-08-21,166.30484933927352,87.00203642263212,248.51156999362735,
2016-08-22,140.42876378770657,60.52361816033285,224.97512014634228,
2016-08-23,140.03479782078617,62.14882703316533,228.17095794049948,
2016-08-24,166.00729268591337,82.77208174641865,251.68488189663177,
2016-08-25,152.10357126552495,70.84142575904052,239.05851142652867,
2016-08-26,165.39943102991762,87.84463417896548,254.29694697775685,
2016-08-27,218.16826978160844,139.13633622686552,299.0883885292138,
2016-08-28,173.86322754498394,93.70146835442812,259.7806908047865,
2016-08-29,146.5350757201497,65.17629976118626,229.77470641864696,
2016-08-30,144.78093865080962,61.39212004256826,223.00619476231748,
2016-08-31,169.5246685974672,89.78925043642464,260.94805899241425,
2016-09-01,154.5583269447431,75.15919318898196,230.16455846771487,
2016-09-02,166.98669020905163,89.40474704937772,255.7257190077054,
2016-09-03,219.10556081805026,134.35229697998727,300.51823782477544,
2016-09-04,174.38328988835775,91.49809333191187,261.0508650155104,
2016-09-05,146.87826141479263,66.96149947320775,235.2596503259099,
2016-09-06,145.18743518043829,64.36386880139314,231.05768305599307,
2016-09-07,170.22677505135073,84.39484394779466,256.15552084466475,
2016-09-08,155.7730144672447,70.4198777615911,243.33951284474108,
2016-09-09,168.90866999418702,80.18333147104138,252.3638187439584,
2016-09-10,221.90106871694547,141.93817560941875,308.52849158386596,
2016-09-11,178.18477637686004,95.5507388606355,265.4590647865199,
2016-09-12,151.78014977986203,70.41465666917665,233.45786585885853,
2016-09-13,151.24308002646035,73.53261924259785,234.44203963594973,
2016-09-14,177.4467184585161,91.16891943964646,266.57082752971564,
2016-09-15,164.1245993159154,81.67236976381238,246.94501442830102,
2016-09-16,178.31703016962837,95.60103856984584,261.91923454173536,
2016-09-17,232.25147524173178,144.5685686145046,313.9738177938881,
2016-09-18,189.3262781483076,102.90807114257018,269.89441376488975,
2016-09-19,163.53040866002723,77.9753808514471,244.64919199625845,
2016-09-20,163.39426367316008,76.66468288677832,246.74742133684003,
2016-09-21,189.77228154853302,104.66379049537832,275.25931176615876,
2016-09-22,176.38675565988223,90.41659224275612,261.0739084846318,
2016-09-23,190.2746954933172,99.88805387918218,264.3567410190274,
2016-09-24,243.66844380396185,156.72438309128248,323.10827313885216,
2016-09-25,199.97938641436707,118.39992617455553,287.6246211789924,
2016-09-26,173.2174362880884,91.7510460102065,254.21703203903115,
2016-09-27,171.94132626810728,92.8477134878872,255.02159397655996,
2016-09-28,197.04048093002854,108.6666033673865,282.34873059066706,
2016-09-29,182.2778715521551,98.36047857955946,261.185160426275,
2016-09-30,194.73572712263461,109.4099726282436,284.91549274705466,
2016-10-01,246.6948402744095,161.2839778623143,328.2414966832719,
2016-10-02,201.61684012727065,115.20291437106552,285.7800894168346,
2016-10-03,173.56215315509192,89.17565128169106,255.6193186504064,
2016-10-04,171.13872896537583,87.42428270027759,253.86338007890515,
2016-10-05,195.28234582364558,111.3480500613065,277.5009161777137,
2016-10-06,179.7979449616247,93.47134829769905,257.09402724702335,
2016-10-07,191.80391104714926,111.9588674167769,275.4804255711014,
2016-10-08,243.61008033987073,161.046678813972,325.93428247754383,
2016-10-09,198.69888812206128,111.17807656717225,282.0101201034032,
2016-10-10,171.14241197234796,86.58782744928178,250.82537132165135,
2016-10-11,169.55041803402062,88.9518677348489,254.35559263081177,
2016-10-12,194.85024928908473,108.8075609114742,276.06722749603813,
2016-10-13,180.8280222229861,93.43760307931278,260.7732730558183,
2016-10-14,194.57305921265055,110.67940441757388,277.7113545546343,
2016-10-15,248.35634035187132,170.27550028502932,329.8999799889195,
2016-10-16,205.61238056374663,121.88805754238115,287.7571255914238,
2016-10-17,180.35727494733248,97.2055003804704,266.2080635306309,
2016-10-18,181.13799827678835,96.23521315896105,269.6282270419965,
2016-10-19,208.81376926826542,130.94962967061048,293.1915655307973,
2016-10-20,197.09891113312466,111.88470134191876,279.09613353603993,
2016-10-21,213.00909523326277,125.04139750768496,295.4992319137636,
2016-10-22,268.7417064080463,183.7375524743495,345.55692433414583,
2016-10-23,227.65968717924895,144.65267287561392,312.04255330159623,
2016-10-24,203.71155289009837,120.58086298398513,280.25317610483376,
2016-10-25,205.38261186514862,119.26101463300897,282.1605791337661,
2016-10-26,233.47814979740033,148.1702998604555,319.9492445642949,
2016-10-27,221.6679602443981,140.59953466432572,302.5252714778583,
2016-10-28,236.93406151000923,151.96234910731448,323.96890898144784,
2016-10-29,291.45229629592785,200.53964851682755,375.1391258158019,
2016-10-30,248.57713465048028,165.7843318779875,327.69419651075276,
2016-10-31,222.26234211512678,134.01837916574408,307.2330572927804,
2016-11-01,221.01252438884075,135.56303158293917,303.0468355022591,
2016-11-02,245.66629301140452,158.411939776166,336.8723507028095,
2016-11-03,229.94042777520298,148.77688620223782,316.63566256783224,
2016-11-04,240.8768787655796,157.59565207477635,323.4096606493919,
2016-11-05,290.7233158591078,206.50634731410418,371.0764316751929,
2016-11-06,242.91656628155465,160.45711578795667,322.99639680664257,
2016-11-07,211.5016304155849,127.11191936051976,294.6543714494163,
2016-11-08,205.0813230481573,120.18778327632845,288.11643408118897,
2016-11-09,224.59732717908867,136.32617812005662,307.9109588124604,
2016-11-10,203.8720844680695,120.23985572907277,290.61941790118664,
2016-11-11,210.053418171083,126.37535821853237,299.8432691370565,
2016-11-12,255.4926526420425,172.2902323630422,336.3901424840356,
2016-11-13,203.72562817597682,124.4255438643889,287.0559318771752,
2016-11-14,168.88936003712902,87.00952965776739,249.3637277783467,
2016-11-15,159.6694465529901,75.8652499726834,246.7057726289744,
2016-11-16,177.07906867366475,91.26837766681385,258.4363373940093,
2016-11-17,154.99905655931857,75.27917901222192,236.326140508111,
2016-11-18,160.62096542946264,77.65679929013827,241.6921146541849,
2016-11-19,206.3239648647946,123.1193878182562,291.16636699769896,
2016-11-20,155.6549731411872,66.93372974778597,242.31511155125452,
2016-11-21,122.74481009124722,33.80106082161538,211.2324965421401,
2016-11-22,116.25548921416902,40.17088098841457,202.4817219496111,
2016-11-23,137.15949803072988,52.499293639612546,226.46055840686944,
2016-11-24,119.28053938360766,34.83705171968942,201.81816389213466,
2016-11-25,129.73766362301757,47.84953775696196,211.25452810972317,
2016-11-26,180.82357439281319,95.00553930708459,266.3607496745008,
2016-11-27,135.98650942308998,53.479368424913616,219.14965888745766,
2016-11-28,109.2484316471893,21.276889059797792,200.57383513601422,
2016-11-29,109.15460607003419,20.001362411086753,191.03434765039188,
2016-11-30,136.5553600519288,54.24863248603359,221.13722607936768,
2016-12-01,125.14944353513495,47.44034984357504,207.5820744580784,
2016-12-02,141.9308594953598,57.3851898552047,228.43528816323135,
2016-12-03,199.06988558755646,117.94688644662293,281.7589792946104,
2016-12-04,159.89762605032865,71.10017334773552,241.7033640022635,
2016-12-05,138.3267677120544,54.53401556330087,226.11581165250837,
2016-12-06,142.80355640342702,55.30612754889146,229.12538355740418,
2016-12-07,174.09173605202247,86.2692617446967,259.20997384019245,
2016-12-08,165.81781666680217,76.06116488840217,247.01128330683173,
2016-12-09,184.91949741388754,100.87764714739541,264.5383014587381,
2016-12-10,243.52792896786443,160.24446924029468,321.95006867942095,
2016-12-11,204.95312554883577,123.18358401925732,282.24115970162524,
2016-12-12,183.10518066398157,111.66695656164188,265.9182915535881,
2016-12-13,186.44629227307868,96.35143032247396,276.62514005712313,
2016-12-14,215.7743385751067,133.6240965500043,301.3576782035307,
2016-12-15,204.76737902807824,117.20618405530551,284.17650931344747,
2016-12-16,220.43092448279322,134.67099317500308,307.1400633759643,
2016-12-17,274.9786871185972,199.1456273625304,357.826816374741,
2016-12-18,231.81615527996192,149.7417494750035,321.01498153933625,
2016-12-19,204.95968925652025,123.40597403617907,282.3178198158842,
2016-12-20,202.98619209002499,113.28430221026122,288.2193022836653,
2016-12-21,226.8141501504766,138.02830323498802,307.83926613492434,
2016-12-22,210.24547555904354,116.87668767165283,295.4351038902438,
2016-12-23,220.4100543727267,136.19378678633723,306.30797339399743,
2016-12-24,269.6437724231469,185.41182698151687,356.4954220611076,
2016-12-25,221.46942486848044,134.73469481829497,307.3846863014433,
2016-12-26,190.01326480640822,110.26818962804155,282.3802981515248,
2016-12-27,183.95230134635892,101.08374006179335,267.67057719094373,
2016-12-28,204.29319392012388,114.92309776439657,293.105470288814,
2016-12-29,184.9122215199431,96.38419149256653,269.6700486402008,
2016-12-30,192.99827093597114,103.16478583054163,280.2786631905787,
2016-12-31,240.9296487234704,158.31000031491158,322.04468293627394,
2017-01-01,192.2541477876589,104.66947353973835,277.99871403669397,
2017-01-02,161.10514026914706,77.42708557386477,240.9007501277811,
2017-01-03,156.14881465585742,66.52214780842,244.4841548009639,
2017-01-04,178.36340255211658,93.73331296283072,268.9747830709251,
2017-01-05,161.5798636688808,74.76789519978811,239.88824826170446,
2017-01-06,172.92595453075086,89.30145307487734,256.5933747162447,
2017-01-07,224.70445910047042,141.1765005553648,306.08221775719045,
2017-01-08,180.37497841337287,98.63597413829359,266.06250682593054,
2017-01-09,153.97201067235153,67.11355717682588,233.76610351071494,
2017-01-10,154.0543940416318,69.34022213265486,237.3370540641749,
2017-01-11,181.4869075055513,97.1165972313048,262.869663552321,
2017-01-12,169.98344508610737,86.10011401621482,259.04286494030583,
2017-01-13,186.5536336621598,100.18497649381266,265.0252597452175,
2017-01-14,243.38361661521952,159.88307521604824,336.905684874931,
2017-01-15,203.8203449349685,112.99842392539712,280.95970886109257,
2017-01-16,181.79205352519404,96.73691415360817,268.7655637079888,
2017-01-17,185.75994414397408,105.85589656549162,274.0141350315475,
2017-01-18,216.50182353096932,135.04611838103895,301.6252983035358,
2017-01-19,207.65707016280572,119.27171461773858,292.9569382675078,
2017-01-20,226.17476384606329,143.93781830763797,308.2573317122085,
2017-01-21,284.19567085247104,204.46964797106008,370.6713674942089,
2017-01-22,245.03740378766358,166.26698833354612,329.67322022775414,
2017-01-23,222.61541894002812,140.43647506994765,312.13714453624976,
2017-01-24,225.3948652309082,140.71212961163843,308.78591525889675,
2017-01-25,254.17403370596185,170.08513154316185,344.3772047269667,
2017-01-26,242.62878899717472,158.22081758675043,325.66485982439855,
2017-01-27,257.75983223742026,174.35892071408466,343.7261311009904,
2017-01-28,311.77351026257236,229.21653721309724,400.1067380468414,
2017-01-29,268.0655186898323,178.8897577109901,350.9461264164466,
2017-01-30,240.64019557511764,153.05475183221102,318.5908748259779,
2017-01-31,238.06045846836176,145.97509233388405,325.58584130640344,
2017-02-01,261.22917634923203,179.28819803453217,343.8819654532666,
2017-02-02,243.93140328812345,156.96093271486785,331.7308211985264,
2017-02-03,253.27937059527022,167.53115133680134,334.3590375374834,
2017-02-04,301.5910004166224,214.19013187091915,389.04854647773914,
2017-02-05,252.3713362917133,168.38783439235385,337.561081315512,
2017-02-06,219.729634122975,133.76168649487437,294.6712373768911,
2017-02-07,212.32721096948265,128.64513199094918,300.7921148538452,
2017-02-08,231.15688471212025,148.34342475121326,315.16913571122893,
2017-02-09,210.0834691468252,127.60374828229392,300.3471919672881,
2017-02-10,216.28725443251514,128.30204746315215,301.58329829036956,
2017-02-11,262.141263844014,175.2380917863521,343.5483879105553,
2017-02-12,211.19170470452823,124.4766236476855,293.2558286543925,
2017-02-13,177.5743732929371,91.46175078478355,260.7798294164338,
2017-02-14,169.9621212655703,89.12350092020534,253.00876820855228,
2017-02-15,189.3442204308788,104.84039437261181,275.8891776861235,
2017-02-16,169.56708794684843,93.31359024506277,251.45627890904507,
2017-02-17,177.77829323929106,89.67458750542029,266.7376901230215,
2017-02-18,226.30462312802445,137.22325939849387,307.8265616363972,
2017-02-19,178.63360310577724,94.57827524288486,269.23722745267213,
2017-02-20,148.8312096808343,61.43999844190561,238.42736731704568,
2017-02-21,145.4908520522023,58.15069827762461,226.32887003064766,
2017-02-22,169.51442696285721,85.43539366277226,253.07433602715324,
2017-02-23,154.65487279448004,68.152565074554,235.4322056776518,
2017-02-24,167.96210594818768,78.73531679131476,254.02399176037923,
2017-02-25,221.6630762800588,145.0595347630917,307.4539457499866,
2017-02-26,179.14529916180106,100.87504525130004,260.2029473325959,
2017-02-27,154.37655884039538,75.68067036331112,239.17281974445345,
2017-02-28,155.85582204753564,73.77892798243916,243.52160854011575,
2017-03-01,184.39612806108175,100.96997300437093,271.01757013180793,
2017-03-02,173.66884600655723,87.72522287459901,259.38763893564897,
2017-03-03,190.65115019535838,102.94311461451686,277.2549643875266,
2017-03-04,247.50742161316873,164.1649317028925,338.08861214951685,
2017-03-05,207.5739085838929,121.9500866617163,294.8362790681975,
2017-03-06,184.77932124670428,102.09639928709255,266.04694074864824,
2017-03-07,187.5963836160167,105.22218300168541,268.00770228489205,
2017-03-08,216.82509931484654,135.0641115396295,296.97828756250834,
2017-03-09,206.13711687473324,119.19246284814628,289.53123593511015,
2017-03-10,222.52304574938844,138.7050082211832,309.3090873365863,
2017-03-11,278.173436698028,194.11756547593808,357.9050053801001,
2017-03-12,236.46277013442136,152.96385484680806,325.5084995230413,
2017-03-13,211.36914244294428,127.64095218900843,301.6860145397416,
2017-03-14,211.42469384989113,130.9183680869757,301.7619727309795,
2017-03-15,237.49755780851854,157.5207422181947,319.0516923188042,
2017-03-16,223.33474522672927,128.6428832963166,308.234681353383,
2017-03-17,236.00784515007604,151.97944951850232,315.61364476614654,
2017-03-18,287.7922884544505,209.81328069462424,376.55310781210665,
2017-03-19,242.14955284509475,157.5595666351421,325.62190812131234,
2017-03-20,213.14503499948526,131.12433683492037,298.52989157800755,
2017-03-21,209.396669731135,128.43416140266928,297.9996192425562,
2017-03-22,231.85511218732404,147.67989440910114,319.02348995640847,
2017-03-23,214.3449315430811,130.9962590651509,299.12417665877973,
2017-03-24,224.0087313492915,142.4912407223416,315.1808685105,
2017-03-25,273.18497441052443,183.30786888088772,353.9760784084892,
2017-03-26,225.38891898435347,141.59467957704445,309.29786090811297,
2017-03-27,194.72941726909724,107.71886675566662,279.59621899145657,
2017-03-28,189.85667732113387,106.3476645003158,278.52643755985565,
2017-03-29,211.74182141335842,119.94417782994047,291.870231969949,
2017-03-30,194.21770167524306,105.88536546231174,281.3617856991973,
2017-03-31,204.42289568907526,114.66931453017901,290.2190007319724,
2017-04-01,254.67966240013553,175.64408907473174,341.5912098271416,
2017-04-02,208.4752625144044,124.60278776753347,291.0772476068955,
2017-04-03,179.87938665759577,97.90958602949998,268.71917363818113,
2017-04-04,177.4927797937121,93.84189032169824,265.6084533093156,
2017-04-05,202.22787753734985,123.61232888047408,288.49594720257284,
2017-04-06,187.85089341091862,105.21886339138578,274.11567152121,
2017-04-07,201.42725391256522,112.29606627609797,285.9928555287688,
2017-04-08,255.2011324181218,168.79677250459068,341.7154175161227,
2017-04-09,212.57845378577466,124.94103905443794,294.78691634827493,
2017-04-10,187.54607829341234,98.63763066495886,273.1078258775181,
2017-04-11,188.6222170951222,101.9206903844729,279.70111267342395,
2017-04-12,216.63885758457775,133.80858989720227,307.280184932521,
2017-04-13,205.2856002758448,106.98887623791572,285.5689975107885,
2017-04-14,221.55676720077642,132.2191052984581,305.5820605118299,
2017-04-15,277.63249731873765,193.2709411370523,368.0931414237151,
2017-04-16,236.86316736036582,149.77961786147395,314.778773639653,
2017-04-17,213.18981608324472,126.95892938823695,290.66989669819026,
2017-04-18,215.09559693975706,134.3211254712797,300.842086821362,
2017-04-19,243.38901442415155,157.39453786245156,327.55303042573905,
2017-04-20,231.74832718016205,145.48379395264027,319.05801768812756,
2017-04-21,247.1689643782647,159.8107102684715,331.19257439933074,
2017-04-22,301.8446627366048,223.09875322774974,381.22410020184265,
2017-04-23,259.15166009308774,174.79383119938936,346.0094287581379,
2017-04-24,233.06862670939904,145.93770767124744,321.15687660094966,
2017-04-25,232.1273682272389,145.78723454740265,320.49820323218114,
2017-04-26,257.1950700438954,171.320157581063,336.51250152145326,
2017-04-27,242.01748602937508,155.60289429015066,321.14000385572865,
2017-04-28,253.66494289518684,174.8524845462282,339.5903426017805,
2017-04-29,304.4118968734533,220.37818803323216,391.65034722640496,
2017-04-30,257.71941179075753,170.88163878698498,340.81005476622533,
2017-05-01,227.65327610698247,137.5860427511612,312.09689120858764,
2017-05-02,222.8328316741092,136.99682466568444,305.98979423920173,
2017-05-03,244.211324442483,157.48321302224002,325.97994439326175,
2017-05-04,225.61722123991774,137.47912816743656,307.31944083396263,
2017-05-05,234.19840498147957,146.32993604816264,322.4281378965222,
2017-05-06,282.3000249497759,202.33168170334082,368.4558765361558,
2017-05-07,233.44540923712796,149.19667995008902,320.48501840969135,
2017-05-08,201.75279209574816,110.8816281052214,287.80230838758723,
2017-05-09,195.8829604747064,115.06338612825733,282.61479489338467,
2017-05-10,216.818657098418,130.50336207237962,303.3007411759659,
2017-05-11,198.4052062998905,119.90153642746161,289.29606407909347,
2017-05-12,207.79429146384194,123.04120918637112,294.89437516856447,
2017-05-13,257.32167120393024,170.9097000485647,341.59054612044673,
2017-05-14,210.48824555386972,127.38699543918577,292.35008804343056,
2017-05-15,181.37722265185897,94.96416573793583,271.3527807206252,
2017-05-16,178.60248148871653,95.24919033884494,261.48199273659213,
2017-05-17,203.08895305683953,120.59664312860389,287.1098348229028,
2017-05-18,188.61446510032945,104.1202447036036,273.35285233456017,
2017-05-19,202.2549527364811,114.81192792056,287.3697776763114,
2017-05-20,256.2637904994496,173.35229888611357,345.38795981999175,
2017-05-21,214.05462121870158,125.58459033803248,306.24749945113183,
2017-05-22,189.62039284677076,111.08507217195522,277.5346939871389,
2017-05-23,191.48365684643983,105.37458445819173,275.6383853184772,
2017-05-24,220.47890687329107,136.74067342818017,308.1403894095193,
2017-05-25,210.2963587218992,124.46360457452747,294.4400334075802,
2017-05-26,227.9290299733268,147.40699879614263,313.329457954915,
2017-05-27,285.5538324970922,203.9285941215064,373.4683296631471,
2017-05-28,246.51601324780995,157.00776383421638,333.13345669147947,
2017-05-29,224.7496178942668,136.9061810302637,306.8491039627805,
2017-05-30,228.72899856651776,144.98577336883747,319.08857758610566,
2017-05-31,259.2521171860131,177.31246941489644,347.9291577255755,
2017-06-01,249.98502377753042,165.7349948069061,337.9333880011811,
2017-06-02,267.90935287471126,179.1022793153299,350.49789764847304,
2017-06-03,325.2035424631266,233.02519958197095,415.6053782335083,
2017-06-04,285.22710904396945,201.70864130848744,368.8144052925083,
2017-06-05,261.9406583969332,172.2055731900361,344.633455994887,
2017-06-06,263.8566651695301,181.0792648168951,347.74603549312604,
2017-06-07,291.82179111934823,206.70565031279835,379.5503538604687,
2017-06-08,279.5601458524113,191.97621533782316,362.812433137445,
2017-06-09,294.11936311334097,216.07436753738648,383.2608512266715,
2017-06-10,347.7502317923747,260.30329709312923,431.95086131020093,
2017-06-11,303.88925387860746,220.53415648606895,392.3747534879327,
2017-06-12,276.5768505749011,184.64758753551587,355.48547771758626,
2017-06-13,274.40629330769065,186.98110666006374,364.48018089115635,
2017-06-14,298.304173953979,209.1454241270616,384.76475072654284,
2017-06-15,282.0718624319935,198.9411387596639,364.5177434882044,
2017-06-16,292.8298677182753,204.1220406320951,379.7736730936696,
2017-06-17,342.89588210782904,261.74977361597666,422.5241054743726,
2017-06-18,295.76591824113046,213.01190100734877,383.0429524821296,
2017-06-19,265.53129312558934,181.03907426929504,357.1852051495454,
2017-06-20,260.82656379839085,181.45093727267894,341.9496591209415,
2017-06-21,282.60925108738417,193.1427371392113,371.5948719365353,
2017-06-22,264.70081542349965,188.20813390566104,347.6395856036451,
2017-06-23,274.2308098714923,191.49017159182935,353.56386781344804,
2017-06-24,323.5149923811057,236.9975760458383,409.46524032561274,
2017-06-25,276.0368020234728,188.1341677937987,364.43660870301744,
2017-06-26,245.8649418671213,159.61604952798515,329.23637898826826,
2017-06-27,241.60215508298853,160.41509270128878,323.9321142210627,
2017-06-28,264.1660066687387,178.1855662040179,343.4794954953822,
2017-06-29,247.33110530898642,160.15014800650368,335.03638973883255,
2017-06-30,258.17465651042875,169.3034420175853,340.2445570932266,
2017-07-01,308.95609128332467,225.9408305831671,394.15506439690995,
2017-07-02,263.1001346885694,176.0132647413215,348.5779103227659,
2017-07-03,234.6160148077949,143.31029763771997,322.4382464387316,
2017-07-04,232.0478560668474,150.82983844558248,320.0150520862429,
2017-07-05,256.2570271997977,173.91377604359008,343.42997435138125,
2017-07-06,240.96583791583922,153.5472473620167,328.57728476948853,
2017-07-07,253.2044376535957,162.31810897006386,342.0953706873673,
2017-07-08,305.1916266155073,223.44914475000442,390.8788347622088,
2017-07-09,260.31891387841455,181.09688435768885,351.4767916496901,
2017-07-10,232.57049893322605,143.62397507326608,312.56616640406514,
2017-07-11,230.47420229929534,146.6715779816023,317.3666795539727,
2017-07-12,254.88410361045794,173.11818513327287,334.5769154150875,
2017-07-13,239.52427601655575,147.0054141222949,324.2217918282696,
2017-07-14,251.43547184536314,170.35941695006056,332.27178808251864,
2017-07-15,302.85547799606474,218.41329127380808,389.545483429529,
2017-07-16,257.20249059590026,172.3791756953993,347.1534866426874,
2017-07-17,228.49420604593692,145.50074213926248,313.8425247744566,
2017-07-18,225.2976803325278,139.82132497554318,314.2937137538592,
2017-07-19,248.510745958709,158.14346252978112,339.74334702042506,
2017-07-20,231.90441016387982,147.04568870050252,316.6202308654805,
2017-07-21,242.56812712491444,149.0474284793553,323.84514777105585,
2017-07-22,292.7887022315048,203.3833568243776,377.9065155366766,
2017-07-23,246.03221839603918,156.11718937304676,340.6064020173839,
2017-07-24,216.36172164652697,130.8175302226266,301.91229878366977,
2017-07-25,212.3857566095993,120.91975277562173,299.2490360166281,
2017-07-26,235.03857752521066,151.01945497075153,321.1461711593705,
2017-07-27,218.1214913181366,133.28683966666793,305.8201043716146,
2017-07-28,228.7472539632161,143.682563102179,315.7544446234093,
2017-07-29,279.2183016937421,200.0058115216847,361.371790043745,
2017-07-30,233.00822476228336,146.21284126777113,321.2629839483222,
2017-07-31,204.1792325595734,114.41909578874237,285.44348927870453,
